bootstrap_iteration,adjusted_rand_index
0,0.28551034975017847
1,1.0
2,1.0
3,0.47093023255813954
4,0.47093023255813954
5,1.0
6,1.0
7,1.0
8,1.0
9,1.0
10,0.47297297297297297
11,1.0
12,1.0
13,0.4405737704918033
14,1.0
15,1.0
16,1.0
17,1.0
18,-0.1139145640769423
19,1.0
20,1.0
21,1.0
22,-0.08254430687059966
23,1.0
24,0.27516292541636495
25,0.7130730050933786
26,-0.05813953488372093
27,1.0
28,1.0
29,1.0
30,1.0
31,1.0
32,-0.05813953488372093
33,1.0
34,1.0
35,1.0
36,0.7139056831922612
37,1.0
38,1.0
39,1.0
40,1.0
41,-0.0947867298578199
42,1.0
43,1.0
44,1.0
45,1.0
46,1.0
47,1.0
48,1.0
49,1.0
50,1.0
51,1.0
52,-0.13655287260616153
53,1.0
54,1.0
55,1.0
56,1.0
57,1.0
58,1.0
59,1.0
60,1.0
61,1.0
62,1.0
63,1.0
64,1.0
65,1.0
66,1.0
67,1.0
68,1.0
69,1.0
70,0.009673518742442563
71,1.0
72,1.0
73,0.1182170542635659
74,1.0
75,1.0
76,1.0
77,1.0
78,1.0
79,1.0
80,1.0
81,1.0
82,1.0
83,0.7139056831922612
84,1.0
85,1.0
86,1.0
87,1.0
88,-0.08254430687059966
89,1.0
90,1.0
91,1.0
92,0.4760076775431862
93,1.0
94,1.0
95,1.0
96,1.0
97,1.0
98,1.0
99,1.0
100,1.0
101,1.0
102,1.0
103,0.28551034975017847
104,1.0
105,1.0
106,1.0
107,1.0
108,1.0
109,1.0
110,0.47297297297297297
111,1.0
112,1.0
113,1.0
114,1.0
115,1.0
116,1.0
117,0.7144581221337195
118,1.0
119,1.0
120,1.0
121,1.0
122,1.0
123,1.0
124,1.0
125,1.0
126,0.7144581221337195
127,1.0
128,0.7144581221337195
129,1.0
130,1.0
131,1.0
132,1.0
133,1.0
134,1.0
135,1.0
136,1.0
137,1.0
138,1.0
139,1.0
140,1.0
141,1.0
142,1.0
143,1.0
144,1.0
145,1.0
146,1.0
147,1.0
148,1.0
149,1.0
150,1.0
151,1.0
152,1.0
153,1.0
154,1.0
155,1.0
156,1.0
157,1.0
158,1.0
159,1.0
160,0.47297297297297297
161,1.0
162,1.0
163,1.0
164,1.0
165,1.0
166,1.0
167,0.7144581221337195
168,1.0
169,1.0
170,1.0
171,1.0
172,1.0
173,1.0
174,1.0
175,1.0
176,1.0
177,1.0
178,1.0
179,0.47093023255813954
180,0.27093954843408596
181,1.0
182,1.0
183,1.0
184,1.0
185,0.7130730050933786
186,1.0
187,1.0
188,1.0
189,1.0
190,1.0
191,1.0
192,1.0
193,-0.14106583072100312
194,1.0
195,1.0
196,1.0
197,1.0
198,1.0
199,0.47297297297297297
