indicator,local_authority,year,forecast,lower_95,upper_95,trend_slope
anxiety_high_pct,Blackburn with Darwen,2024,23.32166666666666,18.430703144407637,28.21263018892568,0.12846153846153838
anxiety_high_pct,Blackburn with Darwen,2025,23.45012820512818,18.55916468286916,28.3410917273872,0.12846153846153838
anxiety_high_pct,Blackburn with Darwen,2026,23.57858974358976,18.68762622133074,28.46955326584878,0.12846153846153838
anxiety_high_pct,Blackpool,2024,27.26515151515173,22.962677857632748,31.56762517267071,0.5202797202797204
anxiety_high_pct,Blackpool,2025,27.78543123543136,23.48295757791238,32.08790489295034,0.5202797202797204
anxiety_high_pct,Blackpool,2026,28.305710955710992,24.003237298192012,32.60818461322997,0.5202797202797204
anxiety_high_pct,Burnley,2023,17.64727272727282,9.777707366680907,25.516838087864734,-0.7354545454545456
anxiety_high_pct,Burnley,2024,16.911818181818262,9.042252821226349,24.781383542410175,-0.7354545454545456
anxiety_high_pct,Burnley,2025,16.176363636363703,8.30679827577179,24.045928996955617,-0.7354545454545456
anxiety_high_pct,Chorley,2024,18.755151515151454,10.375007640931962,27.135295389370945,-0.15548951048951062
anxiety_high_pct,Chorley,2025,18.59966200466198,10.219518130442488,26.97980587888147,-0.15548951048951062
anxiety_high_pct,Chorley,2026,18.44417249417245,10.064028619952957,26.82431636839194,-0.15548951048951062
anxiety_high_pct,Fylde,2024,17.57530303030302,11.120876728941699,24.02972933166434,-0.059825174825174826
anxiety_high_pct,Fylde,2025,17.51547785547784,11.06105155411652,23.96990415683916,-0.059825174825174826
anxiety_high_pct,Fylde,2026,17.455652680652676,11.001226379291356,23.910078982013996,-0.059825174825174826
anxiety_high_pct,Hyndburn,2024,27.716969696969727,19.04692477355308,36.387014620386374,0.9124825174825173
anxiety_high_pct,Hyndburn,2025,28.629452214452158,19.95940729103551,37.299497137868805,0.9124825174825173
anxiety_high_pct,Hyndburn,2026,29.541934731934816,20.87188980851817,38.21197965535146,0.9124825174825173
anxiety_high_pct,Lancaster,2024,27.328181818181747,19.535035699553298,35.1213279368102,0.9351048951048951
anxiety_high_pct,Lancaster,2025,28.26328671328679,20.47014059465834,36.05643283191524,0.9351048951048951
anxiety_high_pct,Lancaster,2026,29.198391608391603,21.405245489763153,36.99153772702005,0.9351048951048951
anxiety_high_pct,Pendle,2024,17.449090909090955,5.63657336577322,29.26160845240869,-0.5466783216783215
anxiety_high_pct,Pendle,2025,16.902412587412528,5.089895044094792,28.714930130730263,-0.5466783216783215
anxiety_high_pct,Pendle,2026,16.355734265734327,4.543216722416592,28.168251809052062,-0.5466783216783215
anxiety_high_pct,Preston,2024,24.283484848484818,17.035784793078896,31.53118490389074,0.3568181818181818
anxiety_high_pct,Preston,2025,24.640303030303016,17.392602974897095,31.888003085708938,0.3568181818181818
anxiety_high_pct,Preston,2026,24.997121212121215,17.749421156715293,32.244821267527136,0.3568181818181818
anxiety_high_pct,Ribble Valley,2024,24.397121212121192,13.594522823822853,35.19971960041953,0.49622377622377617
anxiety_high_pct,Ribble Valley,2025,24.893344988345007,14.090746600046668,35.69594337664334,0.49622377622377617
anxiety_high_pct,Ribble Valley,2026,25.389568764568708,14.586970376270369,36.19216715286704,0.49622377622377617
anxiety_high_pct,Rossendale,2024,29.11954545454546,17.981274843432338,40.25781606565858,0.7256993006993004
anxiety_high_pct,Rossendale,2025,29.84524475524472,18.7069741441316,40.98351536635784,0.7256993006993004
anxiety_high_pct,Rossendale,2026,30.570944055943983,19.43267344483086,41.709214667057104,0.7256993006993004
anxiety_high_pct,South Ribble,2024,21.315303030303028,12.060097778858227,30.570508281747827,-0.004825174825174971
anxiety_high_pct,South Ribble,2025,21.310477855477856,12.055272604033055,30.565683106922656,-0.004825174825174971
anxiety_high_pct,South Ribble,2026,21.30565268065268,12.05044742920788,30.560857932097484,-0.004825174825174971
anxiety_high_pct,West Lancashire,2024,21.278181818181793,12.366787108172815,30.18957652819077,-0.3818181818181816
anxiety_high_pct,West Lancashire,2025,20.896363636363617,11.98496892635464,29.807758346372594,-0.3818181818181816
anxiety_high_pct,West Lancashire,2026,20.51454545454544,11.603150744536464,29.42594016455442,-0.3818181818181816
anxiety_high_pct,Wyre,2024,24.08727272727276,15.893670944225144,32.28087451032038,0.37765734265734274
anxiety_high_pct,Wyre,2025,24.46493006993012,16.2713282868825,32.65853185297774,0.37765734265734274
anxiety_high_pct,Wyre,2026,24.842587412587477,16.648985629539858,33.036189195635096,0.37765734265734274
children_low_income_absolute,Blackburn with Darwen,2025,0.343866666666667,0.30226785027324904,0.38546548306008493,0.005266666666666669
children_low_income_absolute,Blackburn with Darwen,2026,0.34913333333333263,0.3075345169399147,0.3907321497267506,0.005266666666666669
children_low_income_absolute,Blackburn with Darwen,2027,0.35440000000000005,0.3128011836065821,0.395998816393418,0.005266666666666669
children_low_income_absolute,Blackpool,2025,0.27226666666667043,0.233268591587524,0.31126474174581686,0.008593939393939393
children_low_income_absolute,Blackpool,2026,0.28086060606061025,0.24186253098146382,0.3198586811397567,0.008593939393939393
children_low_income_absolute,Blackpool,2027,0.28945454545455007,0.25045647037540364,0.3284526205336965,0.008593939393939393
children_low_income_absolute,Burnley,2025,0.3285333333333327,0.28703302700952693,0.3700336396571384,0.008369696969696968
children_low_income_absolute,Burnley,2026,0.3369030303030307,0.29540272397922496,0.37840333662683645,0.008369696969696968
children_low_income_absolute,Burnley,2027,0.3452727272727252,0.30377242094891943,0.3867730335965309,0.008369696969696968
children_low_income_absolute,Chorley,2025,0.13179999999999925,0.11481602911833898,0.1487839708816595,0.0021818181818181823
children_low_income_absolute,Chorley,2026,0.13398181818181776,0.11699784730015748,0.15096578906347802,0.0021818181818181823
children_low_income_absolute,Chorley,2027,0.13616363636363626,0.11917966548197599,0.15314760724529652,0.0021818181818181823
children_low_income_absolute,Fylde,2025,0.14566666666666706,0.12352310851728303,0.16781022481605107,0.004321212121212122
children_low_income_absolute,Fylde,2026,0.14998787878787923,0.1278443206384952,0.17213143693726324,0.004321212121212122
children_low_income_absolute,Fylde,2027,0.1543090909090914,0.13216553275970738,0.1764526490584754,0.004321212121212122
children_low_income_absolute,Hyndburn,2025,0.34053333333333313,0.3022116916401521,0.37885497502651416,0.008624242424242421
children_low_income_absolute,Hyndburn,2026,0.34915757575757667,0.31083593406439564,0.3874792174507577,0.008624242424242421
children_low_income_absolute,Hyndburn,2027,0.3577818181818202,0.31946017648863917,0.39610345987500123,0.008624242424242421
children_low_income_absolute,Lancaster,2025,0.16740000000000066,0.13751039433941242,0.1972896056605889,0.002327272727272728
children_low_income_absolute,Lancaster,2026,0.16972727272727361,0.13983766706668538,0.19961687838786185,0.002327272727272728
children_low_income_absolute,Lancaster,2027,0.17205454545454568,0.14216493979395745,0.20194415111513392,0.002327272727272728
children_low_income_absolute,Pendle,2025,0.3816666666666677,0.33989894305722157,0.42343439027611385,0.009812121212121215
children_low_income_absolute,Pendle,2026,0.3914787878787891,0.34971106426934295,0.43324651148823523,0.009812121212121215
children_low_income_absolute,Pendle,2027,0.4012909090909105,0.35952318548146434,0.4430586327003566,0.009812121212121215
children_low_income_absolute,Preston,2025,0.24886666666666635,0.21635221304891922,0.2813811202844135,0.005157575757575758
children_low_income_absolute,Preston,2026,0.2540242424242418,0.2215097888064947,0.28653869604198895,0.005157575757575758
children_low_income_absolute,Preston,2027,0.25918181818181907,0.22666736456407194,0.2916962717995662,0.005157575757575758
children_low_income_absolute,Ribble Valley,2025,0.09980000000000055,0.08712968147060421,0.1124703185293969,0.0015636363636363645
children_low_income_absolute,Ribble Valley,2026,0.10136363636363654,0.0886933178342402,0.11403395489303289,0.0015636363636363645
children_low_income_absolute,Ribble Valley,2027,0.10292727272727298,0.09025695419787663,0.11559759125666932,0.0015636363636363645
children_low_income_absolute,Rossendale,2025,0.2044666666666659,0.17997096716531238,0.22896236616801943,0.0021757575757575752
children_low_income_absolute,Rossendale,2026,0.20664242424242385,0.18214672474107033,0.23113812374377737,0.0021757575757575752
children_low_income_absolute,Rossendale,2027,0.2088181818181818,0.18432248231682827,0.23331388131953532,0.0021757575757575752
children_low_income_absolute,South Ribble,2025,0.13893333333333313,0.12131723909418851,0.15654942757247775,0.0035515151515151506
children_low_income_absolute,South Ribble,2026,0.14248484848484821,0.1248687542457036,0.16010094272399283,0.0035515151515151506
children_low_income_absolute,South Ribble,2027,0.1460363636363633,0.12842026939721868,0.16365245787550792,0.0035515151515151506
children_low_income_absolute,West Lancashire,2025,0.167466666666666,0.14134355108840566,0.19358978224492632,0.004212121212121211
children_low_income_absolute,West Lancashire,2026,0.171678787878788,0.14555567230052766,0.19780190345704832,0.004212121212121211
children_low_income_absolute,West Lancashire,2027,0.1758909090909082,0.14976779351264788,0.20201402466916854,0.004212121212121211
children_low_income_absolute,Wyre,2025,0.1510666666666669,0.1344617144736212,0.1676716188597126,0.0016666666666666657
children_low_income_absolute,Wyre,2026,0.1527333333333334,0.1361283811402877,0.16933828552637908,0.0016666666666666657
children_low_income_absolute,Wyre,2027,0.15439999999999987,0.13779504780695417,0.17100495219304557,0.0016666666666666657
children_low_income_relative,Blackburn with Darwen,2025,0.41206666666666614,0.3749591946689589,0.4491741386643734,0.0075575757575757595
children_low_income_relative,Blackburn with Darwen,2026,0.41962424242424134,0.3825167704265341,0.4567317144219486,0.0075575757575757595
children_low_income_relative,Blackburn with Darwen,2027,0.42718181818181655,0.3900743461841093,0.4642892901795238,0.0075575757575757595
children_low_income_relative,Blackpool,2025,0.35200000000000387,0.32349968589647143,0.3805003141035363,0.013399999999999997
children_low_income_relative,Blackpool,2026,0.3654000000000046,0.3368996858964722,0.39390031410353704,0.013399999999999997
children_low_income_relative,Blackpool,2027,0.3788000000000018,0.35029968589646937,0.40730031410353423,0.013399999999999997
children_low_income_relative,Burnley,2025,0.3937999999999988,0.3554185610009665,0.4321814389990311,0.010636363636363638
children_low_income_relative,Burnley,2026,0.4044363636363606,0.3660549246373283,0.4428178026353929,0.010636363636363638
children_low_income_relative,Burnley,2027,0.4150727272727259,0.37669128827369364,0.4534541662717582,0.010636363636363638
children_low_income_relative,Chorley,2025,0.1676666666666673,0.1483012510955408,0.1870320822377938,0.003684848484848486
children_low_income_relative,Chorley,2026,0.1713515151515157,0.1519860995803892,0.1907169307226422,0.003684848484848486
children_low_income_relative,Chorley,2027,0.1750363636363641,0.1556709480652376,0.1944017792074906,0.003684848484848486
children_low_income_relative,Fylde,2025,0.18359999999999843,0.16299142589732346,0.2042085741026734,0.006472727272727275
children_low_income_relative,Fylde,2026,0.19007272727272628,0.1694641531700513,0.21068130137540125,0.006472727272727275
children_low_income_relative,Fylde,2027,0.19654545454545413,0.17593688044277916,0.2171540286481291,0.006472727272727275
children_low_income_relative,Hyndburn,2025,0.40393333333333103,0.37378877508076364,0.43407789158589843,0.010951515151515155
children_low_income_relative,Hyndburn,2026,0.41488484848484575,0.38474029023227835,0.44502940673741315,0.010951515151515155
children_low_income_relative,Hyndburn,2027,0.42583636363636046,0.39569180538379306,0.45598092188892786,0.010951515151515155
children_low_income_relative,Lancaster,2025,0.21539999999999893,0.18784493217375142,0.24295506782624643,0.004618181818181818
children_low_income_relative,Lancaster,2026,0.22001818181818145,0.19246311399193394,0.24757324964442895,0.004618181818181818
children_low_income_relative,Lancaster,2027,0.2246363636363622,0.1970812958101147,0.2521914314626097,0.004618181818181818
children_low_income_relative,Pendle,2025,0.44566666666666777,0.41057890082848536,0.48075443250485017,0.012121212121212118
children_low_income_relative,Pendle,2026,0.4577878787878795,0.4227001129496971,0.4928756446260619,0.012121212121212118
children_low_income_relative,Pendle,2027,0.4699090909090913,0.43482132507090887,0.5049968567472737,0.012121212121212118
children_low_income_relative,Preston,2025,0.30613333333333337,0.2782768336598175,0.33398983300684926,0.007442424242424241
children_low_income_relative,Preston,2026,0.31357575757575873,0.28571925790224284,0.3414322572492746,0.007442424242424241
children_low_income_relative,Preston,2027,0.3210181818181823,0.2931616821446664,0.3488746814916982,0.007442424242424241
children_low_income_relative,Ribble Valley,2025,0.12319999999999975,0.11179335721448397,0.13460664278551554,0.0026363636363636368
children_low_income_relative,Ribble Valley,2026,0.1258363636363633,0.11442972085084752,0.1372430064218791,0.0026363636363636368
children_low_income_relative,Ribble Valley,2027,0.12847272727272685,0.11706608448721106,0.13987937005824264,0.0026363636363636368
children_low_income_relative,Rossendale,2025,0.2545333333333346,0.232773828838085,0.2762928378285842,0.004460606060606062
children_low_income_relative,Rossendale,2026,0.25899393939394066,0.23723443489869106,0.28075344388919027,0.004460606060606062
children_low_income_relative,Rossendale,2027,0.2634545454545467,0.2416950409592971,0.2852140499497963,0.004460606060606062
children_low_income_relative,South Ribble,2025,0.17806666666666793,0.16200654984758991,0.19412678348574594,0.006048484848484847
children_low_income_relative,South Ribble,2026,0.18411515151515268,0.16805503469607466,0.2001752683342307,0.006048484848484847
children_low_income_relative,South Ribble,2027,0.19016363636363742,0.1741035195445594,0.20622375318271544,0.006048484848484847
children_low_income_relative,West Lancashire,2025,0.21506666666666696,0.19647297488529641,0.2336603584480375,0.0067757575757575765
children_low_income_relative,West Lancashire,2026,0.22184242424242484,0.2032487324610543,0.2404361160237954,0.0067757575757575765
children_low_income_relative,West Lancashire,2027,0.22861818181818272,0.21002449003681217,0.24721187359955327,0.0067757575757575765
children_low_income_relative,Wyre,2025,0.1972666666666658,0.17883293873839984,0.2157003945949318,0.004066666666666669
children_low_income_relative,Wyre,2026,0.20133333333333248,0.1828996054050665,0.21976706126159845,0.004066666666666669
children_low_income_relative,Wyre,2027,0.20539999999999914,0.18696627207173316,0.2238337279282651,0.004066666666666669
pct_adults_active_raw,Blackburn with Darwen,2026,0.35213333333333274,0.30646396958727545,0.39780269707939003,0.004896969696969699
pct_adults_active_raw,Blackburn with Darwen,2027,0.35703030303030303,0.31136093928424574,0.4026996667763603,0.004896969696969699
pct_adults_active_raw,Blackburn with Darwen,2028,0.3619272727272733,0.31625790898121603,0.4075966364733306,0.004896969696969699
pct_adults_active_raw,Blackpool,2026,0.3711999999999982,0.3243292803476686,0.4180707196523278,0.005490909090909094
pct_adults_active_raw,Blackpool,2027,0.3766909090909074,0.3298201894385778,0.423561628743237,0.005490909090909094
pct_adults_active_raw,Blackpool,2028,0.3821818181818166,0.33531109852948704,0.4290525378341462,0.005490909090909094
pct_adults_active_raw,Burnley,2026,0.31646666666666645,0.2764989742108539,0.356434359122479,0.001484848484848482
pct_adults_active_raw,Burnley,2027,0.3179515151515151,0.27798382269570254,0.35791920760732765,0.001484848484848482
pct_adults_active_raw,Burnley,2028,0.3194363636363633,0.27946867118055074,0.35940405609217585,0.001484848484848482
pct_adults_active_raw,Chorley,2026,0.23600000000000004,0.1951361685772681,0.27686383142273197,0.0003272727272727264
pct_adults_active_raw,Chorley,2027,0.23632727272727277,0.19546344130454082,0.2771911041500047,0.0003272727272727264
pct_adults_active_raw,Chorley,2028,0.2366545454545455,0.19579071403181356,0.27751837687727743,0.0003272727272727264
pct_adults_active_raw,Fylde,2026,0.25533333333333336,0.19241478925185185,0.31825187741481487,0.00013333333333333196
pct_adults_active_raw,Fylde,2027,0.2554666666666667,0.19254812258518517,0.3183852107481482,0.00013333333333333196
pct_adults_active_raw,Fylde,2028,0.2556,0.19268145591851848,0.3185185440814815,0.00013333333333333196
pct_adults_active_raw,Hyndburn,2026,0.3270666666666653,0.2890043554452595,0.3651289778880711,0.004121212121212121
pct_adults_active_raw,Hyndburn,2027,0.3311878787878779,0.2931255675664721,0.3692501900092837,0.004121212121212121
pct_adults_active_raw,Hyndburn,2028,0.33530909090909056,0.29724677968768476,0.37337140213049635,0.004121212121212121
pct_adults_active_raw,Lancaster,2026,0.23586666666666645,0.19148879970712485,0.28024453362620805,0.002793939393939394
pct_adults_active_raw,Lancaster,2027,0.23866060606060646,0.19428273910106486,0.28303847302014806,0.002793939393939394
pct_adults_active_raw,Lancaster,2028,0.2414545454545456,0.197076678495004,0.2858324124140872,0.002793939393939394
pct_adults_active_raw,Pendle,2026,0.3288666666666664,0.26420506340597966,0.3935282699273532,0.003448484848484847
pct_adults_active_raw,Pendle,2027,0.332315151515151,0.26765354825446425,0.39697675477583777,0.003448484848484847
pct_adults_active_raw,Pendle,2028,0.3357636363636356,0.27110203310294884,0.40042523962432236,0.003448484848484847
pct_adults_active_raw,Preston,2026,0.29573333333333274,0.25012135859516627,0.3413453080714992,0.005078787878787882
pct_adults_active_raw,Preston,2027,0.30081212121212,0.2552001464739535,0.34642409595028645,0.005078787878787882
pct_adults_active_raw,Preston,2028,0.305890909090909,0.2602789343527425,0.35150288382907546,0.005078787878787882
pct_adults_active_raw,Ribble Valley,2026,0.18886666666666674,0.15451743896241105,0.22321589437092243,-0.0028606060606060617
pct_adults_active_raw,Ribble Valley,2027,0.1860060606060605,0.15165683290180482,0.2203552883103162,-0.0028606060606060617
pct_adults_active_raw,Ribble Valley,2028,0.18314545454545428,0.1487962268411986,0.21749468224970997,-0.0028606060606060617
pct_adults_active_raw,Rossendale,2026,0.20993333333333197,0.18178276387248984,0.2380839027941741,-0.009430303030303032
pct_adults_active_raw,Rossendale,2027,0.20050303030302885,0.17235246084218672,0.22865359976387098,-0.009430303030303032
pct_adults_active_raw,Rossendale,2028,0.19107272727272573,0.1629221578118836,0.21922329673356786,-0.009430303030303032
pct_adults_active_raw,South Ribble,2026,0.24513333333333254,0.1989370678460693,0.2913295988205958,-0.0027030303030303043
pct_adults_active_raw,South Ribble,2027,0.24243030303030277,0.19623403754303953,0.288626568517566,-0.0027030303030303043
pct_adults_active_raw,South Ribble,2028,0.23972727272727212,0.19353100724000888,0.28592353821453537,-0.0027030303030303043
pct_adults_active_raw,West Lancashire,2026,0.2543333333333333,0.21000459991965897,0.2986620667470076,-0.0017575757575757568
pct_adults_active_raw,West Lancashire,2027,0.25257575757575745,0.20824702416208313,0.2969044909894318,-0.0017575757575757568
pct_adults_active_raw,West Lancashire,2028,0.2508181818181816,0.20648944840450728,0.29514691523185593,-0.0017575757575757568
pct_adults_active_raw,Wyre,2026,0.2716000000000003,0.2112282976341942,0.33197170236580636,-0.003527272727272731
pct_adults_active_raw,Wyre,2027,0.26807272727272746,0.20770102490692138,0.32844442963853354,-0.003527272727272731
pct_adults_active_raw,Wyre,2028,0.26454545454545464,0.20417375217964856,0.3249171569112607,-0.003527272727272731
pct_waste_recycled,Blackburn with Darwen,2025,0.23613333333333486,0.18939090602984232,0.2828757606368274,-0.01355
pct_waste_recycled,Blackburn with Darwen,2026,0.22258333333333624,0.1758409060298437,0.2693257606368288,-0.01355
pct_waste_recycled,Blackburn with Darwen,2027,0.20903333333333407,0.16229090602984153,0.2557757606368266,-0.01355
pct_waste_recycled,Blackpool,2025,0.40479047619047615,0.31870080848161436,0.49088014389933793,0.0015821428571428562
pct_waste_recycled,Blackpool,2026,0.4063726190476191,0.32028295133875734,0.4924622867564809,0.0015821428571428562
pct_waste_recycled,Blackpool,2027,0.4079547619047621,0.3218650941959003,0.4940444296136239,0.0015821428571428562
pct_waste_recycled,Burnley,2025,0.31234285714285726,0.2900808995769407,0.3346048147087738,-0.0019321428571428584
pct_waste_recycled,Burnley,2026,0.31041071428571465,0.2881487567197981,0.3326726718516312,-0.0019321428571428584
pct_waste_recycled,Burnley,2027,0.3084785714285716,0.28621661386265507,0.33074052899448814,-0.0019321428571428584
pct_waste_recycled,Chorley,2025,0.42940952380952346,0.4003598637847391,0.45845918383430784,-0.004032142857142855
pct_waste_recycled,Chorley,2026,0.42537738095238,0.3963277209275956,0.45442704097716435,-0.004032142857142855
pct_waste_recycled,Chorley,2027,0.4213452380952383,0.3922955780704539,0.45039489812002265,-0.004032142857142855
pct_waste_recycled,Fylde,2025,0.42901904761904763,0.365427792406121,0.49261030283197427,-0.0034392857142857137
pct_waste_recycled,Fylde,2026,0.4255797619047623,0.3619885066918357,0.48917101711768896,-0.0034392857142857137
pct_waste_recycled,Fylde,2027,0.422140476190477,0.3585492209775504,0.48573173140340364,-0.0034392857142857137
pct_waste_recycled,Hyndburn,2025,0.3119047619047617,0.28793817575746994,0.33587134805205343,-0.0029785714285714276
pct_waste_recycled,Hyndburn,2026,0.30892619047619085,0.2849596043288991,0.3328927766234826,-0.0029785714285714276
pct_waste_recycled,Hyndburn,2027,0.30594761904761913,0.2819810329003274,0.3299142051949109,-0.0029785714285714276
pct_waste_recycled,Lancaster,2025,0.3543238095238088,0.3130878315002965,0.39555978754732113,-0.004317857142857142
pct_waste_recycled,Lancaster,2026,0.3500059523809522,0.3087699743574399,0.39124193040446453,-0.004317857142857142
pct_waste_recycled,Lancaster,2027,0.34568809523809385,0.30445211721458154,0.38692407326160616,-0.004317857142857142
pct_waste_recycled,Pendle,2025,0.2751619047619034,0.25561863240996063,0.29470517711384614,-0.00714642857142857
pct_waste_recycled,Pendle,2026,0.2680154761904756,0.24847220383853288,0.28755874854241836,-0.00714642857142857
pct_waste_recycled,Pendle,2027,0.26086904761904606,0.24132577526710333,0.2804123199709888,-0.00714642857142857
pct_waste_recycled,Preston,2025,0.2820476190476189,0.23353428335983542,0.3305609547354023,-0.005760714285714285
pct_waste_recycled,Preston,2026,0.2762869047619052,0.22777356907412175,0.32480024044968864,-0.005760714285714285
pct_waste_recycled,Preston,2027,0.27052619047618975,0.2220128547884063,0.3190395261639732,-0.005760714285714285
pct_waste_recycled,Ribble Valley,2025,0.3492571428571427,0.29179674016682633,0.4067175455474591,-0.002742857142857143
pct_waste_recycled,Ribble Valley,2026,0.346514285714286,0.2890538830239696,0.4039746884046024,-0.002742857142857143
pct_waste_recycled,Ribble Valley,2027,0.3437714285714284,0.286311025881112,0.4012318312617448,-0.002742857142857143
pct_waste_recycled,Rossendale,2025,0.2998095238095235,0.27263155266457717,0.3269874949544699,-0.0036071428571428565
pct_waste_recycled,Rossendale,2026,0.29620238095238083,0.2690244098074345,0.3233803520973272,-0.0036071428571428565
pct_waste_recycled,Rossendale,2027,0.29259523809523813,0.2654172669502918,0.3197732092401845,-0.0036071428571428565
pct_waste_recycled,West Lancashire,2025,0.4496095238095237,0.4162179490504787,0.48300109856856865,-0.0009821428571428566
pct_waste_recycled,West Lancashire,2026,0.44862738095238086,0.4152358061933359,0.48201895571142583,-0.0009821428571428566
pct_waste_recycled,West Lancashire,2027,0.4476452380952378,0.41425366333619285,0.4810368128542828,-0.0009821428571428566
pct_waste_recycled,Wyre,2025,0.40968571428571465,0.36543550639166433,0.453935922179765,-0.005789285714285712
pct_waste_recycled,Wyre,2026,0.4038964285714286,0.3596462206773783,0.4481466364654789,-0.005789285714285712
pct_waste_recycled,Wyre,2027,0.39810714285714255,0.35385693496309223,0.44235735075119287,-0.005789285714285712
post16_18_positive_destination_pct,Blackburn with Darwen,2023,43.98600589811849,42.27076516376201,45.70124663247498,0.9475771479445386
post16_18_positive_destination_pct,Blackburn with Darwen,2024,44.93358304606295,43.218342311706465,46.648823780419434,0.9475771479445386
post16_18_positive_destination_pct,Blackburn with Darwen,2025,45.881160194007634,44.16591945965115,47.59640092836412,0.9475771479445386
post16_18_positive_destination_pct,Blackpool,2023,57.29366831654943,53.7185312153667,60.868805417732155,1.9082276157634066
post16_18_positive_destination_pct,Blackpool,2024,59.20189593231271,55.62675883112998,62.777033033495435,1.9082276157634066
post16_18_positive_destination_pct,Blackpool,2025,61.110123548076444,57.53498644689372,64.68526064925916,1.9082276157634066
post16_18_positive_destination_pct,Burnley,2023,55.837831158263725,51.473253898264275,60.202408418263175,0.7857258155588106
post16_18_positive_destination_pct,Burnley,2024,56.62355697382236,52.25897971382291,60.98813423382181,0.7857258155588106
post16_18_positive_destination_pct,Burnley,2025,57.40928278938122,53.04470552938177,61.77386004938067,0.7857258155588106
post16_18_positive_destination_pct,Chorley,2023,48.58769429027052,39.63725059850085,57.53813798204019,1.602429576668452
post16_18_positive_destination_pct,Chorley,2024,50.19012386693885,41.23968017516918,59.14056755870852,1.602429576668452
post16_18_positive_destination_pct,Chorley,2025,51.79255344360763,42.84210975183796,60.7429971353773,1.602429576668452
post16_18_positive_destination_pct,Fylde,2023,119.88825342071505,93.60826151556579,146.1682453258643,11.381066313850349
post16_18_positive_destination_pct,Fylde,2024,131.26931973456522,104.98932782941596,157.54931163971446,11.381066313850349
post16_18_positive_destination_pct,Fylde,2025,142.65038604841538,116.37039414326613,168.93037795356463,11.381066313850349
post16_18_positive_destination_pct,Hyndburn,2023,29.88630656235,20.57176852100992,39.200844603690086,-2.9758971627002646
post16_18_positive_destination_pct,Hyndburn,2024,26.910409399649325,17.595871358309243,36.22494744098941,-2.9758971627002646
post16_18_positive_destination_pct,Hyndburn,2025,23.93451223694956,14.619974195609476,33.249050278289644,-2.9758971627002646
post16_18_positive_destination_pct,Lancaster,2023,54.345768247362685,50.923230083578815,57.768306411146554,1.0541771858720734
post16_18_positive_destination_pct,Lancaster,2024,55.399945433234734,51.977407269450865,58.8224835970186,1.0541771858720734
post16_18_positive_destination_pct,Lancaster,2025,56.45412261910678,53.031584455322914,59.87666078289065,1.0541771858720734
post16_18_positive_destination_pct,Pendle,2023,39.489290596798995,36.86551360909891,42.11306758449908,-0.023979875876898503
post16_18_positive_destination_pct,Pendle,2024,39.4653107209221,36.841533733222015,42.08908770862218,-0.023979875876898503
post16_18_positive_destination_pct,Pendle,2025,39.4413308450452,36.81755385734512,42.065107832745284,-0.023979875876898503
post16_18_positive_destination_pct,Preston,2023,46.04592791312325,41.289012094999066,50.802843731247435,0.6572259154141123
post16_18_positive_destination_pct,Preston,2024,46.703153828537324,41.94623801041314,51.46006964666151,0.6572259154141123
post16_18_positive_destination_pct,Preston,2025,47.3603797439514,42.603463925827214,52.11729556207558,0.6572259154141123
post16_18_positive_destination_pct,Ribble Valley,2023,29.017291216757712,23.08257076743478,34.952011666080644,1.0550178287970076
post16_18_positive_destination_pct,Ribble Valley,2024,30.072309045554903,24.13758859623197,36.007029494877834,1.0550178287970076
post16_18_positive_destination_pct,Ribble Valley,2025,31.12732687435164,25.192606425028707,37.06204732367457,1.0550178287970076
post16_18_positive_destination_pct,Rossendale,2023,34.06336068917881,28.358179319999465,39.76854205835815,1.4099500681884516
post16_18_positive_destination_pct,Rossendale,2024,35.47331075736702,29.768129388187674,41.17849212654636,1.4099500681884516
post16_18_positive_destination_pct,Rossendale,2025,36.88326082555568,31.178079456376338,42.58844219473502,1.4099500681884516
post16_18_positive_destination_pct,South Ribble,2023,45.870554429027834,38.204603966586134,53.536504891469534,1.4057862727734103
post16_18_positive_destination_pct,South Ribble,2024,47.27634070180102,39.61039023935932,54.94229116424272,1.4057862727734103
post16_18_positive_destination_pct,South Ribble,2025,48.68212697457466,41.01617651213296,56.34807743701636,1.4057862727734103
post16_18_positive_destination_pct,West Lancashire,2023,28.708790374204,13.46820622016664,43.94937452824136,-1.180827813581573
post16_18_positive_destination_pct,West Lancashire,2024,27.5279625606222,12.28737840658484,42.76854671465956,-1.180827813581573
post16_18_positive_destination_pct,West Lancashire,2025,26.347134747040855,11.106550593003496,41.58771890107821,-1.180827813581573
post16_18_positive_destination_pct,Wyre,2023,56.447930023759,50.96795502774378,61.92790501977422,-0.7644168993216531
post16_18_positive_destination_pct,Wyre,2024,55.68351312443747,50.203538128422245,61.16348812045269,-0.7644168993216531
post16_18_positive_destination_pct,Wyre,2025,54.91909622511571,49.439121229100486,60.39907122113093,-0.7644168993216531
residual_waste_per_household_kg,Blackburn with Darwen,2025,635.8619047619031,587.0214287766895,684.7023807471168,5.981071428571428
residual_waste_per_household_kg,Blackburn with Darwen,2026,641.8429761904754,593.0025002052618,690.683452175689,5.981071428571428
residual_waste_per_household_kg,Blackburn with Darwen,2027,647.8240476190458,598.9835716338322,696.6645236042594,5.981071428571428
residual_waste_per_household_kg,Blackpool,2025,526.638095238095,435.56281822435824,617.7133722518319,-1.8685714285714305
residual_waste_per_household_kg,Blackpool,2026,524.7695238095234,433.6942467957866,615.8448008232602,-1.8685714285714305
residual_waste_per_household_kg,Blackpool,2027,522.9009523809523,431.82567536721547,613.9762293946891,-1.8685714285714305
residual_waste_per_household_kg,Burnley,2025,491.05523809523834,461.2492333533151,520.8612428371616,1.03107142857143
residual_waste_per_household_kg,Burnley,2026,492.0863095238094,462.2803047818862,521.8923142657327,1.03107142857143
residual_waste_per_household_kg,Burnley,2027,493.1173809523809,463.3113762104577,522.9233856943042,1.03107142857143
residual_waste_per_household_kg,Chorley,2025,476.63619047619045,441.43790805395355,511.83447289842735,0.6378571428571411
residual_waste_per_household_kg,Chorley,2026,477.27404761904745,442.07576519681055,512.4723300412844,0.6378571428571411
residual_waste_per_household_kg,Chorley,2027,477.9119047619047,442.7136223396678,513.1101871841416,0.6378571428571411
residual_waste_per_household_kg,Fylde,2025,451.3409523809524,396.93838230996323,505.74352245194154,-0.16071428571428467
residual_waste_per_household_kg,Fylde,2026,451.1802380952381,396.77766802424895,505.58280816622727,-0.16071428571428467
residual_waste_per_household_kg,Fylde,2027,451.01952380952383,396.6169537385347,505.422093880513,-0.16071428571428467
residual_waste_per_household_kg,Hyndburn,2025,429.61428571428576,399.69083830816845,459.53773312040306,0.5517857142857132
residual_waste_per_household_kg,Hyndburn,2026,430.1660714285714,400.2426240224541,460.0895188346887,0.5517857142857132
residual_waste_per_household_kg,Hyndburn,2027,430.71785714285704,400.79440973673974,460.64130454897435,0.5517857142857132
residual_waste_per_household_kg,Lancaster,2025,472.14095238095234,441.475173624676,502.80673113722867,0.2867857142857149
residual_waste_per_household_kg,Lancaster,2026,472.4277380952381,441.7619593389618,503.09351685151444,0.2867857142857149
residual_waste_per_household_kg,Lancaster,2027,472.71452380952377,442.04874505324744,503.3803025658001,0.2867857142857149
residual_waste_per_household_kg,Pendle,2025,594.6580952380937,567.742402763834,621.5737877123534,5.676428571428567
residual_waste_per_household_kg,Pendle,2026,600.3345238095226,573.4188313352629,627.2502162837823,5.676428571428567
residual_waste_per_household_kg,Pendle,2027,606.0109523809515,579.0952599066918,632.9266448552112,5.676428571428567
residual_waste_per_household_kg,Preston,2025,566.4780952380952,511.9212026955187,621.0349877806717,2.9789285714285714
residual_waste_per_household_kg,Preston,2026,569.4570238095239,514.9001312669474,624.0139163521004,2.9789285714285714
residual_waste_per_household_kg,Preston,2027,572.4359523809526,517.8790598383761,626.9928449235291,2.9789285714285714
residual_waste_per_household_kg,Ribble Valley,2025,550.037142857143,470.4922483043602,629.5820374099258,0.9896428571428538
residual_waste_per_household_kg,Ribble Valley,2026,551.0267857142858,471.48189116150303,630.5716802670686,0.9896428571428538
residual_waste_per_household_kg,Ribble Valley,2027,552.0164285714286,472.47153401864585,631.5613231242114,0.9896428571428538
residual_waste_per_household_kg,Rossendale,2025,514.9895238095238,490.924281772465,539.0547658465827,-0.009642857142859741
residual_waste_per_household_kg,Rossendale,2026,514.979880952381,490.9146389153222,539.0451229894398,-0.009642857142859741
residual_waste_per_household_kg,Rossendale,2027,514.9702380952381,490.9049960581793,539.0354801322969,-0.009642857142859741
residual_waste_per_household_kg,West Lancashire,2025,488.1419047619047,464.8030694145939,511.4807401092155,-1.4639285714285701
residual_waste_per_household_kg,West Lancashire,2026,486.67797619047633,463.3391408431655,510.01681153778713,-1.4639285714285701
residual_waste_per_household_kg,West Lancashire,2027,485.2140476190475,461.8752122717367,508.5528829663583,-1.4639285714285701
residual_waste_per_household_kg,Wyre,2025,452.3133333333333,421.5968810840546,483.02978558261196,1.0675000000000006
residual_waste_per_household_kg,Wyre,2026,453.3808333333334,422.6643810840547,484.0972855826121,1.0675000000000006
residual_waste_per_household_kg,Wyre,2027,454.4483333333335,423.7318810840548,485.1647855826122,1.0675000000000006
rough_sleeping_single_night,Blackburn with Darwen,2027,6.3741496598638605,2.2404752787727524,10.507824040954969,-0.7138605442176872
rough_sleeping_single_night,Blackburn with Darwen,2028,5.660289115646265,1.5266147345551566,9.793963496737373,-0.7138605442176872
rough_sleeping_single_night,Blackburn with Darwen,2029,4.946428571428669,0.8127541903375608,9.080102952519777,-0.7138605442176872
rough_sleeping_single_night,Blackpool,2027,14.076530612244824,10.14333711190557,18.009724112584077,1.4855442176870748
rough_sleeping_single_night,Blackpool,2028,15.56207482993159,11.628881329592335,19.495268330270843,1.4855442176870748
rough_sleeping_single_night,Blackpool,2029,17.04761904761881,13.114425547279556,20.980812547958063,1.4855442176870748
rough_sleeping_single_night,Burnley,2027,6.620748299319757,4.9872049454754555,8.254291653164058,0.8056972789115645
rough_sleeping_single_night,Burnley,2028,7.4264455782313235,5.792902224387022,9.059988932075624,0.8056972789115645
rough_sleeping_single_night,Burnley,2029,8.23214285714289,6.598599503298588,9.86568621098719,0.8056972789115645
rough_sleeping_single_night,Chorley,2027,-0.037414965986272364,-0.7698215774012844,0.6949916454287397,-0.40093537414965985
rough_sleeping_single_night,Chorley,2028,-0.4383503401359121,-1.1707569515509242,0.29405627127909995,-0.40093537414965985
rough_sleeping_single_night,Chorley,2029,-0.8392857142856656,-1.5716923257006776,-0.1068791028706535,-0.40093537414965985
rough_sleeping_single_night,Fylde,2027,7.326530612244824,4.987481066429725,9.665580158059923,0.7206632653061225
rough_sleeping_single_night,Fylde,2028,8.04719387755108,5.708144331735982,10.38624342336618,0.7206632653061225
rough_sleeping_single_night,Fylde,2029,8.76785714285711,6.428807597042011,11.10690668867221,0.7206632653061225
rough_sleeping_single_night,Hyndburn,2027,5.153061224489875,2.998170791595958,7.307951657383791,0.40858843537414963
rough_sleeping_single_night,Hyndburn,2028,5.561649659863974,3.4067592269700575,7.71654009275789,0.40858843537414963
rough_sleeping_single_night,Hyndburn,2029,5.970238095238187,3.8153476623442706,8.125128528132104,0.40858843537414963
rough_sleeping_single_night,Lancaster,2027,6.238095238095184,3.502118873674857,8.974071602515512,0.39880952380952384
rough_sleeping_single_night,Lancaster,2028,6.636904761904702,3.9009283974843756,9.37288112632503,0.39880952380952384
rough_sleeping_single_night,Lancaster,2029,7.035714285714221,4.299737921293894,9.771690650134548,0.39880952380952384
rough_sleeping_single_night,Pendle,2027,3.112244897959158,1.5817148517914223,4.642774944126894,0.39030612244897955
rough_sleeping_single_night,Pendle,2028,3.5025510204080774,1.9720209742403416,5.0330810665758134,0.39030612244897955
rough_sleeping_single_night,Pendle,2029,3.8928571428571104,2.3623270966893744,5.423387189024846,0.39030612244897955
rough_sleeping_single_night,Preston,2027,8.273809523809405,1.9032539924779508,14.64436505514086,-0.9523809523809523
rough_sleeping_single_night,Preston,2028,7.3214285714284415,0.9508730400969876,13.691984102759896,-0.9523809523809523
rough_sleeping_single_night,Preston,2029,6.369047619047478,-0.001507912283975621,12.739603150378933,-0.9523809523809523
rough_sleeping_single_night,Ribble Valley,2027,2.209183673469397,1.038319794864298,3.380047552074496,0.3477891156462585
rough_sleeping_single_night,Ribble Valley,2028,2.5569727891156617,1.3861089105105626,3.727836667720761,0.3477891156462585
rough_sleeping_single_night,Ribble Valley,2029,2.9047619047619264,1.7338980261568273,4.075625783367025,0.3477891156462585
rough_sleeping_single_night,Rossendale,2027,1.3605442176870497,0.3605678290769131,2.3605206062971864,0.07865646258503402
rough_sleeping_single_night,Rossendale,2028,1.43920068027208,0.43922429166194343,2.4391770688822167,0.07865646258503402
rough_sleeping_single_night,Rossendale,2029,1.5178571428571388,0.5178807542470022,2.5178335314672755,0.07865646258503402
rough_sleeping_single_night,South Ribble,2027,0.9727891156462585,0.39607428143441015,1.549503949858107,0.0017006802721088294
rough_sleeping_single_night,South Ribble,2028,0.9744897959183674,0.39777496170651905,1.5512046301302158,0.0017006802721088294
rough_sleeping_single_night,South Ribble,2029,0.9761904761904763,0.39947564197862795,1.5529053104023247,0.0017006802721088294
rough_sleeping_single_night,West Lancashire,2027,2.3554421768707527,0.7090285660858511,4.001855787655654,0.06037414965986396
rough_sleeping_single_night,West Lancashire,2028,2.415816326530617,0.7694027157457155,4.062229937315519,0.06037414965986396
rough_sleeping_single_night,West Lancashire,2029,2.4761904761904816,0.8297768654055799,4.122604086975383,0.06037414965986396
rough_sleeping_single_night,Wyre,2027,2.819727891156461,2.1185720993067148,3.520883683006207,0.0633503401360544
rough_sleeping_single_night,Wyre,2028,2.883078231292515,2.181922439442769,3.5842340231422614,0.0633503401360544
rough_sleeping_single_night,Wyre,2029,2.9464285714285694,2.245272779578823,3.6475843632783156,0.0633503401360544
