ScoreType,Score,Value,Year,Local Authority
Anxiety,High (score 6 to 10) %,17.97,2018,Blackburn with Darwen
Anxiety,High (score 6 to 10) %,18.09,2019,Blackburn with Darwen
Anxiety,High (score 6 to 10) %,20.5,2013,Blackburn with Darwen
Anxiety,High (score 6 to 10) %,21.49,2017,Blackburn with Darwen
Anxiety,High (score 6 to 10) %,23.15,2016,Blackburn with Darwen
Anxiety,High (score 6 to 10) %,23.29,2020,Blackburn with Darwen
Anxiety,High (score 6 to 10) %,23.3,2012,Blackburn with Darwen
Anxiety,High (score 6 to 10) %,23.39,2014,Blackburn with Darwen
Anxiety,High (score 6 to 10) %,23.5,2023,Blackburn with Darwen
Anxiety,High (score 6 to 10) %,23.63,2022,Blackburn with Darwen
Anxiety,High (score 6 to 10) %,24.03,2015,Blackburn with Darwen
Anxiety,High (score 6 to 10) %,27.5,2021,Blackburn with Darwen
Anxiety,High (score 6 to 10) %,19.41,2016,Blackpool
Anxiety,High (score 6 to 10) %,21.3,2015,Blackpool
Anxiety,High (score 6 to 10) %,21.56,2013,Blackpool
Anxiety,High (score 6 to 10) %,22.69,2014,Blackpool
Anxiety,High (score 6 to 10) %,23.28,2017,Blackpool
Anxiety,High (score 6 to 10) %,23.36,2018,Blackpool
Anxiety,High (score 6 to 10) %,23.49,2019,Blackpool
Anxiety,High (score 6 to 10) %,23.71,2022,Blackpool
Anxiety,High (score 6 to 10) %,24.4,2012,Blackpool
Anxiety,High (score 6 to 10) %,24.57,2020,Blackpool
Anxiety,High (score 6 to 10) %,29.05,2023,Blackpool
Anxiety,High (score 6 to 10) %,29.78,2021,Blackpool
Anxiety,High (score 6 to 10) %,10.17,2020,Burnley
Anxiety,High (score 6 to 10) %,17.91,2022,Burnley
Anxiety,High (score 6 to 10) %,20.72,2018,Burnley
Anxiety,High (score 6 to 10) %,20.92,2014,Burnley
Anxiety,High (score 6 to 10) %,21.37,2019,Burnley
Anxiety,High (score 6 to 10) %,22.61,2017,Burnley
Anxiety,High (score 6 to 10) %,24.78,2016,Burnley
Anxiety,High (score 6 to 10) %,25,2012,Burnley
Anxiety,High (score 6 to 10) %,25.26,2015,Burnley
Anxiety,High (score 6 to 10) %,26.79,2021,Burnley
Anxiety,High (score 6 to 10) %,27.13,2013,Burnley
Anxiety,High (score 6 to 10) %,12.98,2015,Chorley
Anxiety,High (score 6 to 10) %,15.46,2022,Chorley
Anxiety,High (score 6 to 10) %,15.87,2016,Chorley
Anxiety,High (score 6 to 10) %,16.58,2021,Chorley
Anxiety,High (score 6 to 10) %,16.96,2013,Chorley
Anxiety,High (score 6 to 10) %,17.9,2023,Chorley
Anxiety,High (score 6 to 10) %,20.72,2020,Chorley
Anxiety,High (score 6 to 10) %,21.92,2017,Chorley
Anxiety,High (score 6 to 10) %,23.24,2014,Chorley
Anxiety,High (score 6 to 10) %,23.56,2018,Chorley
Anxiety,High (score 6 to 10) %,23.57,2012,Chorley
Anxiety,High (score 6 to 10) %,28.43,2019,Chorley
Anxiety,High (score 6 to 10) %,12.9,2020,Fylde
Anxiety,High (score 6 to 10) %,13.85,2016,Fylde
Anxiety,High (score 6 to 10) %,14,2023,Fylde
Anxiety,High (score 6 to 10) %,15.83,2013,Fylde
Anxiety,High (score 6 to 10) %,16.92,2022,Fylde
Anxiety,High (score 6 to 10) %,18.85,2012,Fylde
Anxiety,High (score 6 to 10) %,18.98,2015,Fylde
Anxiety,High (score 6 to 10) %,19.21,2014,Fylde
Anxiety,High (score 6 to 10) %,19.42,2019,Fylde
Anxiety,High (score 6 to 10) %,19.9,2018,Fylde
Anxiety,High (score 6 to 10) %,20.66,2017,Fylde
Anxiety,High (score 6 to 10) %,25.05,2021,Fylde
Anxiety,High (score 6 to 10) %,13.32,2012,Hyndburn
Anxiety,High (score 6 to 10) %,15.05,2015,Hyndburn
Anxiety,High (score 6 to 10) %,17.04,2022,Hyndburn
Anxiety,High (score 6 to 10) %,18.38,2017,Hyndburn
Anxiety,High (score 6 to 10) %,20.33,2013,Hyndburn
Anxiety,High (score 6 to 10) %,21.34,2016,Hyndburn
Anxiety,High (score 6 to 10) %,21.53,2019,Hyndburn
Anxiety,High (score 6 to 10) %,21.99,2018,Hyndburn
Anxiety,High (score 6 to 10) %,25.04,2014,Hyndburn
Anxiety,High (score 6 to 10) %,25.25,2021,Hyndburn
Anxiety,High (score 6 to 10) %,29.51,2020,Hyndburn
Anxiety,High (score 6 to 10) %,32.65,2023,Hyndburn
Anxiety,High (score 6 to 10) %,13.79,2014,Lancaster
Anxiety,High (score 6 to 10) %,16.16,2019,Lancaster
Anxiety,High (score 6 to 10) %,16.69,2013,Lancaster
Anxiety,High (score 6 to 10) %,17.22,2018,Lancaster
Anxiety,High (score 6 to 10) %,17.83,2015,Lancaster
Anxiety,High (score 6 to 10) %,21.12,2016,Lancaster
Anxiety,High (score 6 to 10) %,22.07,2020,Lancaster
Anxiety,High (score 6 to 10) %,22.09,2021,Lancaster
Anxiety,High (score 6 to 10) %,22.44,2012,Lancaster
Anxiety,High (score 6 to 10) %,24.71,2017,Lancaster
Anxiety,High (score 6 to 10) %,29.82,2023,Lancaster
Anxiety,High (score 6 to 10) %,31.06,2022,Lancaster
Anxiety,High (score 6 to 10) %,13.21,2023,Pendle
Anxiety,High (score 6 to 10) %,14.48,2020,Pendle
Anxiety,High (score 6 to 10) %,14.53,2022,Pendle
Anxiety,High (score 6 to 10) %,16.35,2018,Pendle
Anxiety,High (score 6 to 10) %,16.97,2017,Pendle
Anxiety,High (score 6 to 10) %,19.12,2016,Pendle
Anxiety,High (score 6 to 10) %,19.78,2013,Pendle
Anxiety,High (score 6 to 10) %,22.24,2014,Pendle
Anxiety,High (score 6 to 10) %,23.24,2012,Pendle
Anxiety,High (score 6 to 10) %,29.98,2021,Pendle
Anxiety,High (score 6 to 10) %,30.41,2019,Pendle
Anxiety,High (score 6 to 10) %,31.72,2015,Pendle
Anxiety,High (score 6 to 10) %,14.54,2019,Preston
Anxiety,High (score 6 to 10) %,17.83,2021,Preston
Anxiety,High (score 6 to 10) %,18,2013,Preston
Anxiety,High (score 6 to 10) %,18.91,2015,Preston
Anxiety,High (score 6 to 10) %,21.27,2012,Preston
Anxiety,High (score 6 to 10) %,22.28,2020,Preston
Anxiety,High (score 6 to 10) %,22.31,2014,Preston
Anxiety,High (score 6 to 10) %,24.14,2018,Preston
Anxiety,High (score 6 to 10) %,24.56,2017,Preston
Anxiety,High (score 6 to 10) %,24.98,2016,Preston
Anxiety,High (score 6 to 10) %,25.76,2023,Preston
Anxiety,High (score 6 to 10) %,28.99,2022,Preston
Anxiety,High (score 6 to 10) %,11.49,2019,Ribble Valley
Anxiety,High (score 6 to 10) %,14.28,2018,Ribble Valley
Anxiety,High (score 6 to 10) %,14.64,2015,Ribble Valley
Anxiety,High (score 6 to 10) %,17.44,2014,Ribble Valley
Anxiety,High (score 6 to 10) %,17.54,2012,Ribble Valley
Anxiety,High (score 6 to 10) %,21.8,2023,Ribble Valley
Anxiety,High (score 6 to 10) %,23.05,2013,Ribble Valley
Anxiety,High (score 6 to 10) %,24.47,2021,Ribble Valley
Anxiety,High (score 6 to 10) %,25.02,2017,Ribble Valley
Anxiety,High (score 6 to 10) %,25.64,2022,Ribble Valley
Anxiety,High (score 6 to 10) %,27.68,2016,Ribble Valley
Anxiety,High (score 6 to 10) %,31.01,2020,Ribble Valley
Anxiety,High (score 6 to 10) %,13.97,2019,Rossendale
Anxiety,High (score 6 to 10) %,17.81,2014,Rossendale
Anxiety,High (score 6 to 10) %,19.8,2016,Rossendale
Anxiety,High (score 6 to 10) %,22.92,2020,Rossendale
Anxiety,High (score 6 to 10) %,23.01,2013,Rossendale
Anxiety,High (score 6 to 10) %,23.25,2021,Rossendale
Anxiety,High (score 6 to 10) %,23.53,2017,Rossendale
Anxiety,High (score 6 to 10) %,25.17,2015,Rossendale
Anxiety,High (score 6 to 10) %,25.57,2012,Rossendale
Anxiety,High (score 6 to 10) %,27.15,2022,Rossendale
Anxiety,High (score 6 to 10) %,31.14,2018,Rossendale
Anxiety,High (score 6 to 10) %,39.51,2023,Rossendale
Anxiety,High (score 6 to 10) %,15.98,2016,South Ribble
Anxiety,High (score 6 to 10) %,16.64,2015,South Ribble
Anxiety,High (score 6 to 10) %,17.45,2018,South Ribble
Anxiety,High (score 6 to 10) %,17.54,2023,South Ribble
Anxiety,High (score 6 to 10) %,18.41,2019,South Ribble
Anxiety,High (score 6 to 10) %,20.51,2017,South Ribble
Anxiety,High (score 6 to 10) %,21.03,2013,South Ribble
Anxiety,High (score 6 to 10) %,21.33,2020,South Ribble
Anxiety,High (score 6 to 10) %,22.96,2014,South Ribble
Anxiety,High (score 6 to 10) %,23.3,2021,South Ribble
Anxiety,High (score 6 to 10) %,29.21,2012,South Ribble
Anxiety,High (score 6 to 10) %,31.8,2022,South Ribble
Anxiety,High (score 6 to 10) %,14.81,2023,West Lancashire
Anxiety,High (score 6 to 10) %,17.22,2021,West Lancashire
Anxiety,High (score 6 to 10) %,20.7,2018,West Lancashire
Anxiety,High (score 6 to 10) %,21.09,2019,West Lancashire
Anxiety,High (score 6 to 10) %,22.06,2012,West Lancashire
Anxiety,High (score 6 to 10) %,22.86,2014,West Lancashire
Anxiety,High (score 6 to 10) %,24.67,2015,West Lancashire
Anxiety,High (score 6 to 10) %,25.04,2016,West Lancashire
Anxiety,High (score 6 to 10) %,27.73,2017,West Lancashire
Anxiety,High (score 6 to 10) %,28.67,2022,West Lancashire
Anxiety,High (score 6 to 10) %,29.08,2013,West Lancashire
Anxiety,High (score 6 to 10) %,31.19,2020,West Lancashire
Anxiety,High (score 6 to 10) %,16.61,2012,Wyre
Anxiety,High (score 6 to 10) %,16.76,2015,Wyre
Anxiety,High (score 6 to 10) %,18.98,2020,Wyre
Anxiety,High (score 6 to 10) %,19.55,2021,Wyre
Anxiety,High (score 6 to 10) %,19.55,2023,Wyre
Anxiety,High (score 6 to 10) %,20.2,2013,Wyre
Anxiety,High (score 6 to 10) %,21.13,2016,Wyre
Anxiety,High (score 6 to 10) %,21.26,2019,Wyre
Anxiety,High (score 6 to 10) %,21.93,2017,Wyre
Anxiety,High (score 6 to 10) %,22.73,2014,Wyre
Anxiety,High (score 6 to 10) %,28.66,2022,Wyre
Anxiety,High (score 6 to 10) %,32.23,2018,Wyre
Anxiety,Low (score 2 to 3) %,16.96,2020,Blackburn with Darwen
Anxiety,Low (score 2 to 3) %,18.67,2019,Blackburn with Darwen
Anxiety,Low (score 2 to 3) %,18.73,2016,Blackburn with Darwen
Anxiety,Low (score 2 to 3) %,19.28,2015,Blackburn with Darwen
Anxiety,Low (score 2 to 3) %,20.67,2018,Blackburn with Darwen
Anxiety,Low (score 2 to 3) %,20.83,2017,Blackburn with Darwen
Anxiety,Low (score 2 to 3) %,21.19,2021,Blackburn with Darwen
Anxiety,Low (score 2 to 3) %,21.27,2023,Blackburn with Darwen
Anxiety,Low (score 2 to 3) %,22.11,2014,Blackburn with Darwen
Anxiety,Low (score 2 to 3) %,23.45,2022,Blackburn with Darwen
Anxiety,Low (score 2 to 3) %,24.56,2012,Blackburn with Darwen
Anxiety,Low (score 2 to 3) %,25.09,2013,Blackburn with Darwen
Anxiety,Low (score 2 to 3) %,15.88,2019,Blackpool
Anxiety,Low (score 2 to 3) %,16.73,2018,Blackpool
Anxiety,Low (score 2 to 3) %,17.42,2020,Blackpool
Anxiety,Low (score 2 to 3) %,17.59,2022,Blackpool
Anxiety,Low (score 2 to 3) %,19.95,2014,Blackpool
Anxiety,Low (score 2 to 3) %,20.24,2016,Blackpool
Anxiety,Low (score 2 to 3) %,20.41,2013,Blackpool
Anxiety,Low (score 2 to 3) %,20.99,2023,Blackpool
Anxiety,Low (score 2 to 3) %,21.12,2015,Blackpool
Anxiety,Low (score 2 to 3) %,21.36,2021,Blackpool
Anxiety,Low (score 2 to 3) %,21.7,2017,Blackpool
Anxiety,Low (score 2 to 3) %,28.25,2012,Blackpool
Anxiety,Low (score 2 to 3) %,5.18,2022,Burnley
Anxiety,Low (score 2 to 3) %,11.07,2019,Burnley
Anxiety,Low (score 2 to 3) %,11.45,2016,Burnley
Anxiety,Low (score 2 to 3) %,12.57,2020,Burnley
Anxiety,Low (score 2 to 3) %,15.88,2017,Burnley
Anxiety,Low (score 2 to 3) %,17.01,2013,Burnley
Anxiety,Low (score 2 to 3) %,18.95,2021,Burnley
Anxiety,Low (score 2 to 3) %,19.01,2014,Burnley
Anxiety,Low (score 2 to 3) %,19.2,2015,Burnley
Anxiety,Low (score 2 to 3) %,22.7,2018,Burnley
Anxiety,Low (score 2 to 3) %,26.72,2012,Burnley
Anxiety,Low (score 2 to 3) %,14.15,2022,Chorley
Anxiety,Low (score 2 to 3) %,15.65,2018,Chorley
Anxiety,Low (score 2 to 3) %,15.8,2014,Chorley
Anxiety,Low (score 2 to 3) %,16.62,2020,Chorley
Anxiety,Low (score 2 to 3) %,19.62,2017,Chorley
Anxiety,Low (score 2 to 3) %,20.33,2019,Chorley
Anxiety,Low (score 2 to 3) %,21.8,2021,Chorley
Anxiety,Low (score 2 to 3) %,24.54,2012,Chorley
Anxiety,Low (score 2 to 3) %,25.08,2015,Chorley
Anxiety,Low (score 2 to 3) %,27.07,2023,Chorley
Anxiety,Low (score 2 to 3) %,27.93,2013,Chorley
Anxiety,Low (score 2 to 3) %,29.2,2016,Chorley
Anxiety,Low (score 2 to 3) %,14.17,2019,Fylde
Anxiety,Low (score 2 to 3) %,16.11,2022,Fylde
Anxiety,Low (score 2 to 3) %,16.99,2016,Fylde
Anxiety,Low (score 2 to 3) %,18.72,2020,Fylde
Anxiety,Low (score 2 to 3) %,18.89,2017,Fylde
Anxiety,Low (score 2 to 3) %,19.47,2014,Fylde
Anxiety,Low (score 2 to 3) %,20.03,2021,Fylde
Anxiety,Low (score 2 to 3) %,24.45,2018,Fylde
Anxiety,Low (score 2 to 3) %,27.01,2015,Fylde
Anxiety,Low (score 2 to 3) %,30.31,2023,Fylde
Anxiety,Low (score 2 to 3) %,31.13,2013,Fylde
Anxiety,Low (score 2 to 3) %,31.33,2012,Fylde
Anxiety,Low (score 2 to 3) %,12.3,2021,Hyndburn
Anxiety,Low (score 2 to 3) %,15.7,2013,Hyndburn
Anxiety,Low (score 2 to 3) %,17.72,2019,Hyndburn
Anxiety,Low (score 2 to 3) %,17.98,2018,Hyndburn
Anxiety,Low (score 2 to 3) %,19.1,2016,Hyndburn
Anxiety,Low (score 2 to 3) %,19.33,2017,Hyndburn
Anxiety,Low (score 2 to 3) %,20.62,2012,Hyndburn
Anxiety,Low (score 2 to 3) %,20.97,2022,Hyndburn
Anxiety,Low (score 2 to 3) %,21.02,2014,Hyndburn
Anxiety,Low (score 2 to 3) %,23.34,2020,Hyndburn
Anxiety,Low (score 2 to 3) %,23.97,2023,Hyndburn
Anxiety,Low (score 2 to 3) %,24.64,2015,Hyndburn
Anxiety,Low (score 2 to 3) %,10.33,2015,Lancaster
Anxiety,Low (score 2 to 3) %,16.59,2020,Lancaster
Anxiety,Low (score 2 to 3) %,19.02,2022,Lancaster
Anxiety,Low (score 2 to 3) %,19.52,2012,Lancaster
Anxiety,Low (score 2 to 3) %,21.71,2023,Lancaster
Anxiety,Low (score 2 to 3) %,22.74,2014,Lancaster
Anxiety,Low (score 2 to 3) %,22.8,2016,Lancaster
Anxiety,Low (score 2 to 3) %,26.51,2013,Lancaster
Anxiety,Low (score 2 to 3) %,27.81,2017,Lancaster
Anxiety,Low (score 2 to 3) %,27.94,2019,Lancaster
Anxiety,Low (score 2 to 3) %,28.16,2018,Lancaster
Anxiety,Low (score 2 to 3) %,29.06,2021,Lancaster
Anxiety,Low (score 2 to 3) %,6.33,2019,Pendle
Anxiety,Low (score 2 to 3) %,7.65,2023,Pendle
Anxiety,Low (score 2 to 3) %,10.18,2015,Pendle
Anxiety,Low (score 2 to 3) %,19.39,2012,Pendle
Anxiety,Low (score 2 to 3) %,19.69,2016,Pendle
Anxiety,Low (score 2 to 3) %,21.13,2022,Pendle
Anxiety,Low (score 2 to 3) %,22.27,2017,Pendle
Anxiety,Low (score 2 to 3) %,22.94,2014,Pendle
Anxiety,Low (score 2 to 3) %,24.72,2020,Pendle
Anxiety,Low (score 2 to 3) %,25.91,2021,Pendle
Anxiety,Low (score 2 to 3) %,26.86,2013,Pendle
Anxiety,Low (score 2 to 3) %,27.01,2018,Pendle
Anxiety,Low (score 2 to 3) %,17.91,2013,Preston
Anxiety,Low (score 2 to 3) %,18.07,2019,Preston
Anxiety,Low (score 2 to 3) %,19.48,2020,Preston
Anxiety,Low (score 2 to 3) %,21.22,2022,Preston
Anxiety,Low (score 2 to 3) %,21.42,2018,Preston
Anxiety,Low (score 2 to 3) %,21.57,2014,Preston
Anxiety,Low (score 2 to 3) %,22.53,2015,Preston
Anxiety,Low (score 2 to 3) %,23.01,2023,Preston
Anxiety,Low (score 2 to 3) %,23.64,2012,Preston
Anxiety,Low (score 2 to 3) %,23.74,2016,Preston
Anxiety,Low (score 2 to 3) %,28.3,2017,Preston
Anxiety,Low (score 2 to 3) %,30.33,2021,Preston
Anxiety,Low (score 2 to 3) %,14.03,2022,Ribble Valley
Anxiety,Low (score 2 to 3) %,17.07,2014,Ribble Valley
Anxiety,Low (score 2 to 3) %,18.94,2016,Ribble Valley
Anxiety,Low (score 2 to 3) %,19.34,2013,Ribble Valley
Anxiety,Low (score 2 to 3) %,19.49,2017,Ribble Valley
Anxiety,Low (score 2 to 3) %,24.6,2012,Ribble Valley
Anxiety,Low (score 2 to 3) %,25.75,2015,Ribble Valley
Anxiety,Low (score 2 to 3) %,28.09,2023,Ribble Valley
Anxiety,Low (score 2 to 3) %,29.47,2019,Ribble Valley
Anxiety,Low (score 2 to 3) %,31.04,2021,Ribble Valley
Anxiety,Low (score 2 to 3) %,31.9,2018,Ribble Valley
Anxiety,Low (score 2 to 3) %,10.26,2012,Rossendale
Anxiety,Low (score 2 to 3) %,14.11,2018,Rossendale
Anxiety,Low (score 2 to 3) %,14.34,2023,Rossendale
Anxiety,Low (score 2 to 3) %,15.01,2020,Rossendale
Anxiety,Low (score 2 to 3) %,16.4,2022,Rossendale
Anxiety,Low (score 2 to 3) %,18.23,2013,Rossendale
Anxiety,Low (score 2 to 3) %,18.49,2021,Rossendale
Anxiety,Low (score 2 to 3) %,21.71,2019,Rossendale
Anxiety,Low (score 2 to 3) %,24.22,2015,Rossendale
Anxiety,Low (score 2 to 3) %,24.35,2017,Rossendale
Anxiety,Low (score 2 to 3) %,25.07,2016,Rossendale
Anxiety,Low (score 2 to 3) %,30.15,2014,Rossendale
Anxiety,Low (score 2 to 3) %,15.78,2017,South Ribble
Anxiety,Low (score 2 to 3) %,16.73,2023,South Ribble
Anxiety,Low (score 2 to 3) %,19.64,2020,South Ribble
Anxiety,Low (score 2 to 3) %,21.57,2018,South Ribble
Anxiety,Low (score 2 to 3) %,22.68,2022,South Ribble
Anxiety,Low (score 2 to 3) %,22.81,2016,South Ribble
Anxiety,Low (score 2 to 3) %,23.6,2012,South Ribble
Anxiety,Low (score 2 to 3) %,24.68,2021,South Ribble
Anxiety,Low (score 2 to 3) %,25.15,2014,South Ribble
Anxiety,Low (score 2 to 3) %,26.89,2013,South Ribble
Anxiety,Low (score 2 to 3) %,30.62,2015,South Ribble
Anxiety,Low (score 2 to 3) %,33.41,2019,South Ribble
Anxiety,Low (score 2 to 3) %,10.22,2017,West Lancashire
Anxiety,Low (score 2 to 3) %,11.32,2020,West Lancashire
Anxiety,Low (score 2 to 3) %,12.48,2015,West Lancashire
Anxiety,Low (score 2 to 3) %,13.02,2018,West Lancashire
Anxiety,Low (score 2 to 3) %,15.09,2019,West Lancashire
Anxiety,Low (score 2 to 3) %,19.14,2022,West Lancashire
Anxiety,Low (score 2 to 3) %,20.07,2014,West Lancashire
Anxiety,Low (score 2 to 3) %,20.19,2023,West Lancashire
Anxiety,Low (score 2 to 3) %,23.36,2012,West Lancashire
Anxiety,Low (score 2 to 3) %,26.14,2016,West Lancashire
Anxiety,Low (score 2 to 3) %,27.27,2013,West Lancashire
Anxiety,Low (score 2 to 3) %,32.32,2021,West Lancashire
Anxiety,Low (score 2 to 3) %,18.92,2018,Wyre
Anxiety,Low (score 2 to 3) %,19.19,2014,Wyre
Anxiety,Low (score 2 to 3) %,20.2,2012,Wyre
Anxiety,Low (score 2 to 3) %,20.91,2021,Wyre
Anxiety,Low (score 2 to 3) %,21.87,2015,Wyre
Anxiety,Low (score 2 to 3) %,22.04,2023,Wyre
Anxiety,Low (score 2 to 3) %,22.78,2016,Wyre
Anxiety,Low (score 2 to 3) %,22.85,2019,Wyre
Anxiety,Low (score 2 to 3) %,23.29,2020,Wyre
Anxiety,Low (score 2 to 3) %,24.12,2017,Wyre
Anxiety,Low (score 2 to 3) %,24.61,2022,Wyre
Anxiety,Low (score 2 to 3) %,27.08,2013,Wyre
Anxiety,Medium (score 4 to 5) %,13.35,2019,Blackburn with Darwen
Anxiety,Medium (score 4 to 5) %,15.02,2023,Blackburn with Darwen
Anxiety,Medium (score 4 to 5) %,15.65,2020,Blackburn with Darwen
Anxiety,Medium (score 4 to 5) %,16.4,2016,Blackburn with Darwen
Anxiety,Medium (score 4 to 5) %,16.78,2015,Blackburn with Darwen
Anxiety,Medium (score 4 to 5) %,16.79,2018,Blackburn with Darwen
Anxiety,Medium (score 4 to 5) %,16.92,2017,Blackburn with Darwen
Anxiety,Medium (score 4 to 5) %,16.97,2021,Blackburn with Darwen
Anxiety,Medium (score 4 to 5) %,17.28,2022,Blackburn with Darwen
Anxiety,Medium (score 4 to 5) %,18.29,2013,Blackburn with Darwen
Anxiety,Medium (score 4 to 5) %,18.3,2014,Blackburn with Darwen
Anxiety,Medium (score 4 to 5) %,18.35,2012,Blackburn with Darwen
Anxiety,Medium (score 4 to 5) %,15.27,2014,Blackpool
Anxiety,Medium (score 4 to 5) %,15.67,2017,Blackpool
Anxiety,Medium (score 4 to 5) %,16.1,2015,Blackpool
Anxiety,Medium (score 4 to 5) %,16.22,2020,Blackpool
Anxiety,Medium (score 4 to 5) %,16.73,2016,Blackpool
Anxiety,Medium (score 4 to 5) %,16.74,2018,Blackpool
Anxiety,Medium (score 4 to 5) %,16.91,2012,Blackpool
Anxiety,Medium (score 4 to 5) %,16.94,2021,Blackpool
Anxiety,Medium (score 4 to 5) %,17.14,2023,Blackpool
Anxiety,Medium (score 4 to 5) %,17.25,2019,Blackpool
Anxiety,Medium (score 4 to 5) %,17.64,2013,Blackpool
Anxiety,Medium (score 4 to 5) %,21.48,2022,Blackpool
Anxiety,Medium (score 4 to 5) %,11.88,2013,Burnley
Anxiety,Medium (score 4 to 5) %,13.84,2014,Burnley
Anxiety,Medium (score 4 to 5) %,13.88,2021,Burnley
Anxiety,Medium (score 4 to 5) %,14.34,2018,Burnley
Anxiety,Medium (score 4 to 5) %,14.52,2017,Burnley
Anxiety,Medium (score 4 to 5) %,14.64,2012,Burnley
Anxiety,Medium (score 4 to 5) %,15.63,2015,Burnley
Anxiety,Medium (score 4 to 5) %,15.64,2020,Burnley
Anxiety,Medium (score 4 to 5) %,19.32,2022,Burnley
Anxiety,Medium (score 4 to 5) %,19.54,2019,Burnley
Anxiety,Medium (score 4 to 5) %,21.84,2016,Burnley
Anxiety,Medium (score 4 to 5) %,10.31,2019,Chorley
Anxiety,Medium (score 4 to 5) %,10.72,2017,Chorley
Anxiety,Medium (score 4 to 5) %,11.25,2020,Chorley
Anxiety,Medium (score 4 to 5) %,11.81,2023,Chorley
Anxiety,Medium (score 4 to 5) %,12.3,2016,Chorley
Anxiety,Medium (score 4 to 5) %,12.4,2015,Chorley
Anxiety,Medium (score 4 to 5) %,14.16,2012,Chorley
Anxiety,Medium (score 4 to 5) %,14.17,2021,Chorley
Anxiety,Medium (score 4 to 5) %,16.33,2018,Chorley
Anxiety,Medium (score 4 to 5) %,17.98,2014,Chorley
Anxiety,Medium (score 4 to 5) %,19.44,2013,Chorley
Anxiety,Medium (score 4 to 5) %,21.05,2022,Chorley
Anxiety,Medium (score 4 to 5) %,8.11,2019,Fylde
Anxiety,Medium (score 4 to 5) %,10.76,2023,Fylde
Anxiety,Medium (score 4 to 5) %,11.66,2015,Fylde
Anxiety,Medium (score 4 to 5) %,12.29,2013,Fylde
Anxiety,Medium (score 4 to 5) %,12.79,2018,Fylde
Anxiety,Medium (score 4 to 5) %,13.61,2012,Fylde
Anxiety,Medium (score 4 to 5) %,13.81,2020,Fylde
Anxiety,Medium (score 4 to 5) %,15.6,2017,Fylde
Anxiety,Medium (score 4 to 5) %,16.75,2022,Fylde
Anxiety,Medium (score 4 to 5) %,17.89,2016,Fylde
Anxiety,Medium (score 4 to 5) %,18.97,2014,Fylde
Anxiety,Medium (score 4 to 5) %,23.49,2021,Fylde
Anxiety,Medium (score 4 to 5) %,10.79,2017,Hyndburn
Anxiety,Medium (score 4 to 5) %,11.79,2020,Hyndburn
Anxiety,Medium (score 4 to 5) %,12.69,2022,Hyndburn
Anxiety,Medium (score 4 to 5) %,13.8,2015,Hyndburn
Anxiety,Medium (score 4 to 5) %,15.22,2019,Hyndburn
Anxiety,Medium (score 4 to 5) %,16.63,2018,Hyndburn
Anxiety,Medium (score 4 to 5) %,18.62,2023,Hyndburn
Anxiety,Medium (score 4 to 5) %,20.28,2014,Hyndburn
Anxiety,Medium (score 4 to 5) %,20.89,2021,Hyndburn
Anxiety,Medium (score 4 to 5) %,23.66,2013,Hyndburn
Anxiety,Medium (score 4 to 5) %,26.02,2016,Hyndburn
Anxiety,Medium (score 4 to 5) %,28.29,2012,Hyndburn
Anxiety,Medium (score 4 to 5) %,11.25,2016,Lancaster
Anxiety,Medium (score 4 to 5) %,12.95,2014,Lancaster
Anxiety,Medium (score 4 to 5) %,13.55,2015,Lancaster
Anxiety,Medium (score 4 to 5) %,14.3,2022,Lancaster
Anxiety,Medium (score 4 to 5) %,14.34,2018,Lancaster
Anxiety,Medium (score 4 to 5) %,15.46,2019,Lancaster
Anxiety,Medium (score 4 to 5) %,15.48,2021,Lancaster
Anxiety,Medium (score 4 to 5) %,15.49,2017,Lancaster
Anxiety,Medium (score 4 to 5) %,15.85,2023,Lancaster
Anxiety,Medium (score 4 to 5) %,18.3,2013,Lancaster
Anxiety,Medium (score 4 to 5) %,19.84,2020,Lancaster
Anxiety,Medium (score 4 to 5) %,20.4,2012,Lancaster
Anxiety,Medium (score 4 to 5) %,9.54,2012,Pendle
Anxiety,Medium (score 4 to 5) %,12.14,2020,Pendle
Anxiety,Medium (score 4 to 5) %,12.43,2022,Pendle
Anxiety,Medium (score 4 to 5) %,13.77,2019,Pendle
Anxiety,Medium (score 4 to 5) %,13.96,2017,Pendle
Anxiety,Medium (score 4 to 5) %,15.01,2013,Pendle
Anxiety,Medium (score 4 to 5) %,16.47,2016,Pendle
Anxiety,Medium (score 4 to 5) %,16.87,2018,Pendle
Anxiety,Medium (score 4 to 5) %,19,2015,Pendle
Anxiety,Medium (score 4 to 5) %,22.69,2014,Pendle
Anxiety,Medium (score 4 to 5) %,23.66,2021,Pendle
Anxiety,Medium (score 4 to 5) %,26.51,2023,Pendle
Anxiety,Medium (score 4 to 5) %,8.89,2017,Preston
Anxiety,Medium (score 4 to 5) %,11.35,2021,Preston
Anxiety,Medium (score 4 to 5) %,12.58,2015,Preston
Anxiety,Medium (score 4 to 5) %,13.95,2016,Preston
Anxiety,Medium (score 4 to 5) %,14.15,2012,Preston
Anxiety,Medium (score 4 to 5) %,15.11,2014,Preston
Anxiety,Medium (score 4 to 5) %,15.12,2013,Preston
Anxiety,Medium (score 4 to 5) %,15.28,2019,Preston
Anxiety,Medium (score 4 to 5) %,15.77,2023,Preston
Anxiety,Medium (score 4 to 5) %,16.71,2020,Preston
Anxiety,Medium (score 4 to 5) %,20.9,2018,Preston
Anxiety,Medium (score 4 to 5) %,23.21,2022,Preston
Anxiety,Medium (score 4 to 5) %,9.6,2021,Ribble Valley
Anxiety,Medium (score 4 to 5) %,10.07,2018,Ribble Valley
Anxiety,Medium (score 4 to 5) %,12.06,2017,Ribble Valley
Anxiety,Medium (score 4 to 5) %,15.39,2015,Ribble Valley
Anxiety,Medium (score 4 to 5) %,15.9,2014,Ribble Valley
Anxiety,Medium (score 4 to 5) %,16.22,2016,Ribble Valley
Anxiety,Medium (score 4 to 5) %,17.09,2023,Ribble Valley
Anxiety,Medium (score 4 to 5) %,17.25,2012,Ribble Valley
Anxiety,Medium (score 4 to 5) %,17.45,2019,Ribble Valley
Anxiety,Medium (score 4 to 5) %,22.62,2022,Ribble Valley
Anxiety,Medium (score 4 to 5) %,22.87,2013,Ribble Valley
Anxiety,Medium (score 4 to 5) %,7.86,2023,Rossendale
Anxiety,Medium (score 4 to 5) %,8.65,2017,Rossendale
Anxiety,Medium (score 4 to 5) %,9.96,2020,Rossendale
Anxiety,Medium (score 4 to 5) %,10.35,2014,Rossendale
Anxiety,Medium (score 4 to 5) %,10.7,2018,Rossendale
Anxiety,Medium (score 4 to 5) %,11.66,2021,Rossendale
Anxiety,Medium (score 4 to 5) %,12.76,2013,Rossendale
Anxiety,Medium (score 4 to 5) %,13.65,2022,Rossendale
Anxiety,Medium (score 4 to 5) %,15.22,2015,Rossendale
Anxiety,Medium (score 4 to 5) %,16.8,2019,Rossendale
Anxiety,Medium (score 4 to 5) %,21.09,2016,Rossendale
Anxiety,Medium (score 4 to 5) %,27.93,2012,Rossendale
Anxiety,Medium (score 4 to 5) %,9.5,2015,South Ribble
Anxiety,Medium (score 4 to 5) %,11.55,2021,South Ribble
Anxiety,Medium (score 4 to 5) %,12.06,2019,South Ribble
Anxiety,Medium (score 4 to 5) %,12.58,2012,South Ribble
Anxiety,Medium (score 4 to 5) %,14.24,2022,South Ribble
Anxiety,Medium (score 4 to 5) %,14.52,2017,South Ribble
Anxiety,Medium (score 4 to 5) %,15.88,2013,South Ribble
Anxiety,Medium (score 4 to 5) %,17.43,2016,South Ribble
Anxiety,Medium (score 4 to 5) %,17.86,2018,South Ribble
Anxiety,Medium (score 4 to 5) %,18.54,2020,South Ribble
Anxiety,Medium (score 4 to 5) %,19.82,2014,South Ribble
Anxiety,Medium (score 4 to 5) %,30.28,2023,South Ribble
Anxiety,Medium (score 4 to 5) %,7.62,2019,West Lancashire
Anxiety,Medium (score 4 to 5) %,9.4,2022,West Lancashire
Anxiety,Medium (score 4 to 5) %,9.67,2013,West Lancashire
Anxiety,Medium (score 4 to 5) %,13.17,2020,West Lancashire
Anxiety,Medium (score 4 to 5) %,13.21,2021,West Lancashire
Anxiety,Medium (score 4 to 5) %,15.61,2018,West Lancashire
Anxiety,Medium (score 4 to 5) %,15.95,2014,West Lancashire
Anxiety,Medium (score 4 to 5) %,16.1,2016,West Lancashire
Anxiety,Medium (score 4 to 5) %,18.75,2017,West Lancashire
Anxiety,Medium (score 4 to 5) %,19.7,2012,West Lancashire
Anxiety,Medium (score 4 to 5) %,20.52,2015,West Lancashire
Anxiety,Medium (score 4 to 5) %,28.48,2023,West Lancashire
Anxiety,Medium (score 4 to 5) %,10.51,2018,Wyre
Anxiety,Medium (score 4 to 5) %,13.29,2017,Wyre
Anxiety,Medium (score 4 to 5) %,13.89,2014,Wyre
Anxiety,Medium (score 4 to 5) %,14.02,2015,Wyre
Anxiety,Medium (score 4 to 5) %,14.49,2013,Wyre
Anxiety,Medium (score 4 to 5) %,14.92,2016,Wyre
Anxiety,Medium (score 4 to 5) %,16.05,2022,Wyre
Anxiety,Medium (score 4 to 5) %,17.89,2021,Wyre
Anxiety,Medium (score 4 to 5) %,18.07,2020,Wyre
Anxiety,Medium (score 4 to 5) %,18.38,2019,Wyre
Anxiety,Medium (score 4 to 5) %,21.13,2012,Wyre
Anxiety,Medium (score 4 to 5) %,23.68,2023,Wyre
Anxiety,Very low (score 0 to 1) %,33.79,2012,Blackburn with Darwen
Anxiety,Very low (score 0 to 1) %,34.34,2021,Blackburn with Darwen
Anxiety,Very low (score 0 to 1) %,35.64,2022,Blackburn with Darwen
Anxiety,Very low (score 0 to 1) %,36.12,2013,Blackburn with Darwen
Anxiety,Very low (score 0 to 1) %,36.2,2014,Blackburn with Darwen
Anxiety,Very low (score 0 to 1) %,39.91,2015,Blackburn with Darwen
Anxiety,Very low (score 0 to 1) %,40.22,2023,Blackburn with Darwen
Anxiety,Very low (score 0 to 1) %,40.75,2017,Blackburn with Darwen
Anxiety,Very low (score 0 to 1) %,41.73,2016,Blackburn with Darwen
Anxiety,Very low (score 0 to 1) %,44.1,2020,Blackburn with Darwen
Anxiety,Very low (score 0 to 1) %,44.58,2018,Blackburn with Darwen
Anxiety,Very low (score 0 to 1) %,49.88,2019,Blackburn with Darwen
Anxiety,Very low (score 0 to 1) %,30.44,2012,Blackpool
Anxiety,Very low (score 0 to 1) %,31.92,2021,Blackpool
Anxiety,Very low (score 0 to 1) %,32.82,2023,Blackpool
Anxiety,Very low (score 0 to 1) %,37.22,2022,Blackpool
Anxiety,Very low (score 0 to 1) %,39.35,2017,Blackpool
Anxiety,Very low (score 0 to 1) %,40.39,2013,Blackpool
Anxiety,Very low (score 0 to 1) %,41.47,2015,Blackpool
Anxiety,Very low (score 0 to 1) %,41.79,2020,Blackpool
Anxiety,Very low (score 0 to 1) %,42.08,2014,Blackpool
Anxiety,Very low (score 0 to 1) %,43.17,2018,Blackpool
Anxiety,Very low (score 0 to 1) %,43.38,2019,Blackpool
Anxiety,Very low (score 0 to 1) %,43.62,2016,Blackpool
Anxiety,Very low (score 0 to 1) %,33.64,2012,Burnley
Anxiety,Very low (score 0 to 1) %,39.91,2015,Burnley
Anxiety,Very low (score 0 to 1) %,40.38,2021,Burnley
Anxiety,Very low (score 0 to 1) %,41.93,2016,Burnley
Anxiety,Very low (score 0 to 1) %,42.24,2018,Burnley
Anxiety,Very low (score 0 to 1) %,43.98,2013,Burnley
Anxiety,Very low (score 0 to 1) %,46.22,2014,Burnley
Anxiety,Very low (score 0 to 1) %,46.98,2017,Burnley
Anxiety,Very low (score 0 to 1) %,48.02,2019,Burnley
Anxiety,Very low (score 0 to 1) %,57.58,2022,Burnley
Anxiety,Very low (score 0 to 1) %,61.62,2020,Burnley
Anxiety,Very low (score 0 to 1) %,35.67,2013,Chorley
Anxiety,Very low (score 0 to 1) %,37.73,2012,Chorley
Anxiety,Very low (score 0 to 1) %,40.93,2019,Chorley
Anxiety,Very low (score 0 to 1) %,42.64,2016,Chorley
Anxiety,Very low (score 0 to 1) %,42.98,2014,Chorley
Anxiety,Very low (score 0 to 1) %,43.22,2023,Chorley
Anxiety,Very low (score 0 to 1) %,44.46,2018,Chorley
Anxiety,Very low (score 0 to 1) %,47.46,2021,Chorley
Anxiety,Very low (score 0 to 1) %,47.74,2017,Chorley
Anxiety,Very low (score 0 to 1) %,49.34,2022,Chorley
Anxiety,Very low (score 0 to 1) %,49.54,2015,Chorley
Anxiety,Very low (score 0 to 1) %,51.41,2020,Chorley
Anxiety,Very low (score 0 to 1) %,31.43,2021,Fylde
Anxiety,Very low (score 0 to 1) %,36.2,2012,Fylde
Anxiety,Very low (score 0 to 1) %,40.76,2013,Fylde
Anxiety,Very low (score 0 to 1) %,42.34,2014,Fylde
Anxiety,Very low (score 0 to 1) %,42.35,2015,Fylde
Anxiety,Very low (score 0 to 1) %,42.86,2018,Fylde
Anxiety,Very low (score 0 to 1) %,44.85,2017,Fylde
Anxiety,Very low (score 0 to 1) %,44.93,2023,Fylde
Anxiety,Very low (score 0 to 1) %,50.22,2022,Fylde
Anxiety,Very low (score 0 to 1) %,51.26,2016,Fylde
Anxiety,Very low (score 0 to 1) %,54.57,2020,Fylde
Anxiety,Very low (score 0 to 1) %,58.3,2019,Fylde
Anxiety,Very low (score 0 to 1) %,24.77,2023,Hyndburn
Anxiety,Very low (score 0 to 1) %,33.54,2016,Hyndburn
Anxiety,Very low (score 0 to 1) %,33.65,2014,Hyndburn
Anxiety,Very low (score 0 to 1) %,35.36,2020,Hyndburn
Anxiety,Very low (score 0 to 1) %,37.77,2012,Hyndburn
Anxiety,Very low (score 0 to 1) %,40.3,2013,Hyndburn
Anxiety,Very low (score 0 to 1) %,41.56,2021,Hyndburn
Anxiety,Very low (score 0 to 1) %,43.4,2018,Hyndburn
Anxiety,Very low (score 0 to 1) %,45.53,2019,Hyndburn
Anxiety,Very low (score 0 to 1) %,46.52,2015,Hyndburn
Anxiety,Very low (score 0 to 1) %,49.3,2022,Hyndburn
Anxiety,Very low (score 0 to 1) %,51.51,2017,Hyndburn
Anxiety,Very low (score 0 to 1) %,31.98,2017,Lancaster
Anxiety,Very low (score 0 to 1) %,32.62,2023,Lancaster
Anxiety,Very low (score 0 to 1) %,33.37,2021,Lancaster
Anxiety,Very low (score 0 to 1) %,35.63,2022,Lancaster
Anxiety,Very low (score 0 to 1) %,37.65,2012,Lancaster
Anxiety,Very low (score 0 to 1) %,38.49,2013,Lancaster
Anxiety,Very low (score 0 to 1) %,40.28,2018,Lancaster
Anxiety,Very low (score 0 to 1) %,40.45,2019,Lancaster
Anxiety,Very low (score 0 to 1) %,41.5,2020,Lancaster
Anxiety,Very low (score 0 to 1) %,44.83,2016,Lancaster
Anxiety,Very low (score 0 to 1) %,50.52,2014,Lancaster
Anxiety,Very low (score 0 to 1) %,58.29,2015,Lancaster
Anxiety,Very low (score 0 to 1) %,20.45,2021,Pendle
Anxiety,Very low (score 0 to 1) %,32.13,2014,Pendle
Anxiety,Very low (score 0 to 1) %,38.35,2013,Pendle
Anxiety,Very low (score 0 to 1) %,39.1,2015,Pendle
Anxiety,Very low (score 0 to 1) %,39.78,2018,Pendle
Anxiety,Very low (score 0 to 1) %,44.72,2016,Pendle
Anxiety,Very low (score 0 to 1) %,46.8,2017,Pendle
Anxiety,Very low (score 0 to 1) %,47.83,2012,Pendle
Anxiety,Very low (score 0 to 1) %,48.67,2020,Pendle
Anxiety,Very low (score 0 to 1) %,49.49,2019,Pendle
Anxiety,Very low (score 0 to 1) %,51.9,2022,Pendle
Anxiety,Very low (score 0 to 1) %,52.63,2023,Pendle
Anxiety,Very low (score 0 to 1) %,26.58,2022,Preston
Anxiety,Very low (score 0 to 1) %,33.55,2018,Preston
Anxiety,Very low (score 0 to 1) %,35.46,2023,Preston
Anxiety,Very low (score 0 to 1) %,37.32,2016,Preston
Anxiety,Very low (score 0 to 1) %,38.26,2017,Preston
Anxiety,Very low (score 0 to 1) %,40.49,2021,Preston
Anxiety,Very low (score 0 to 1) %,40.95,2012,Preston
Anxiety,Very low (score 0 to 1) %,41.01,2014,Preston
Anxiety,Very low (score 0 to 1) %,41.53,2020,Preston
Anxiety,Very low (score 0 to 1) %,45.97,2015,Preston
Anxiety,Very low (score 0 to 1) %,48.97,2013,Preston
Anxiety,Very low (score 0 to 1) %,52.12,2019,Preston
Anxiety,Very low (score 0 to 1) %,33.01,2023,Ribble Valley
Anxiety,Very low (score 0 to 1) %,34.74,2013,Ribble Valley
Anxiety,Very low (score 0 to 1) %,34.89,2021,Ribble Valley
Anxiety,Very low (score 0 to 1) %,37.16,2016,Ribble Valley
Anxiety,Very low (score 0 to 1) %,37.71,2022,Ribble Valley
Anxiety,Very low (score 0 to 1) %,40.61,2012,Ribble Valley
Anxiety,Very low (score 0 to 1) %,41.59,2019,Ribble Valley
Anxiety,Very low (score 0 to 1) %,43.42,2017,Ribble Valley
Anxiety,Very low (score 0 to 1) %,43.75,2018,Ribble Valley
Anxiety,Very low (score 0 to 1) %,44.22,2015,Ribble Valley
Anxiety,Very low (score 0 to 1) %,49.59,2014,Ribble Valley
Anxiety,Very low (score 0 to 1) %,51.51,2020,Ribble Valley
Anxiety,Very low (score 0 to 1) %,34.05,2016,Rossendale
Anxiety,Very low (score 0 to 1) %,35.39,2015,Rossendale
Anxiety,Very low (score 0 to 1) %,36.24,2012,Rossendale
Anxiety,Very low (score 0 to 1) %,38.29,2023,Rossendale
Anxiety,Very low (score 0 to 1) %,41.69,2014,Rossendale
Anxiety,Very low (score 0 to 1) %,42.81,2022,Rossendale
Anxiety,Very low (score 0 to 1) %,43.47,2017,Rossendale
Anxiety,Very low (score 0 to 1) %,44.05,2018,Rossendale
Anxiety,Very low (score 0 to 1) %,46,2013,Rossendale
Anxiety,Very low (score 0 to 1) %,46.61,2021,Rossendale
Anxiety,Very low (score 0 to 1) %,47.53,2019,Rossendale
Anxiety,Very low (score 0 to 1) %,52.11,2020,Rossendale
Anxiety,Very low (score 0 to 1) %,31.28,2022,South Ribble
Anxiety,Very low (score 0 to 1) %,32.06,2014,South Ribble
Anxiety,Very low (score 0 to 1) %,34.61,2012,South Ribble
Anxiety,Very low (score 0 to 1) %,35.45,2023,South Ribble
Anxiety,Very low (score 0 to 1) %,36.12,2019,South Ribble
Anxiety,Very low (score 0 to 1) %,36.2,2013,South Ribble
Anxiety,Very low (score 0 to 1) %,40.47,2021,South Ribble
Anxiety,Very low (score 0 to 1) %,40.48,2020,South Ribble
Anxiety,Very low (score 0 to 1) %,43.12,2018,South Ribble
Anxiety,Very low (score 0 to 1) %,43.24,2015,South Ribble
Anxiety,Very low (score 0 to 1) %,43.79,2016,South Ribble
Anxiety,Very low (score 0 to 1) %,49.18,2017,South Ribble
Anxiety,Very low (score 0 to 1) %,32.72,2016,West Lancashire
Anxiety,Very low (score 0 to 1) %,33.98,2013,West Lancashire
Anxiety,Very low (score 0 to 1) %,34.87,2012,West Lancashire
Anxiety,Very low (score 0 to 1) %,36.52,2023,West Lancashire
Anxiety,Very low (score 0 to 1) %,37.26,2021,West Lancashire
Anxiety,Very low (score 0 to 1) %,41.11,2014,West Lancashire
Anxiety,Very low (score 0 to 1) %,42.33,2015,West Lancashire
Anxiety,Very low (score 0 to 1) %,42.79,2022,West Lancashire
Anxiety,Very low (score 0 to 1) %,43.3,2017,West Lancashire
Anxiety,Very low (score 0 to 1) %,44.32,2020,West Lancashire
Anxiety,Very low (score 0 to 1) %,50.67,2018,West Lancashire
Anxiety,Very low (score 0 to 1) %,56.19,2019,West Lancashire
Anxiety,Very low (score 0 to 1) %,30.68,2022,Wyre
Anxiety,Very low (score 0 to 1) %,34.73,2023,Wyre
Anxiety,Very low (score 0 to 1) %,37.51,2019,Wyre
Anxiety,Very low (score 0 to 1) %,38.23,2013,Wyre
Anxiety,Very low (score 0 to 1) %,38.33,2018,Wyre
Anxiety,Very low (score 0 to 1) %,39.65,2020,Wyre
Anxiety,Very low (score 0 to 1) %,40.66,2017,Wyre
Anxiety,Very low (score 0 to 1) %,41.17,2016,Wyre
Anxiety,Very low (score 0 to 1) %,41.65,2021,Wyre
Anxiety,Very low (score 0 to 1) %,42.06,2012,Wyre
Anxiety,Very low (score 0 to 1) %,44.19,2014,Wyre
Anxiety,Very low (score 0 to 1) %,47.34,2015,Wyre
Life Satisfaction,High (score 7 to 8) %,43.7,2019,Blackburn with Darwen
Life Satisfaction,High (score 7 to 8) %,44.63,2013,Blackburn with Darwen
Life Satisfaction,High (score 7 to 8) %,44.91,2021,Blackburn with Darwen
Life Satisfaction,High (score 7 to 8) %,45.66,2020,Blackburn with Darwen
Life Satisfaction,High (score 7 to 8) %,46.85,2016,Blackburn with Darwen
Life Satisfaction,High (score 7 to 8) %,46.91,2018,Blackburn with Darwen
Life Satisfaction,High (score 7 to 8) %,47.29,2014,Blackburn with Darwen
Life Satisfaction,High (score 7 to 8) %,47.91,2017,Blackburn with Darwen
Life Satisfaction,High (score 7 to 8) %,47.93,2015,Blackburn with Darwen
Life Satisfaction,High (score 7 to 8) %,48.8,2012,Blackburn with Darwen
Life Satisfaction,High (score 7 to 8) %,49.83,2023,Blackburn with Darwen
Life Satisfaction,High (score 7 to 8) %,51.81,2022,Blackburn with Darwen
Life Satisfaction,High (score 7 to 8) %,44.57,2016,Blackpool
Life Satisfaction,High (score 7 to 8) %,45.11,2019,Blackpool
Life Satisfaction,High (score 7 to 8) %,46.39,2014,Blackpool
Life Satisfaction,High (score 7 to 8) %,46.75,2022,Blackpool
Life Satisfaction,High (score 7 to 8) %,47.29,2017,Blackpool
Life Satisfaction,High (score 7 to 8) %,47.62,2012,Blackpool
Life Satisfaction,High (score 7 to 8) %,47.64,2013,Blackpool
Life Satisfaction,High (score 7 to 8) %,47.94,2020,Blackpool
Life Satisfaction,High (score 7 to 8) %,47.95,2018,Blackpool
Life Satisfaction,High (score 7 to 8) %,48.62,2015,Blackpool
Life Satisfaction,High (score 7 to 8) %,49.62,2021,Blackpool
Life Satisfaction,High (score 7 to 8) %,50.54,2023,Blackpool
Life Satisfaction,High (score 7 to 8) %,40.96,2012,Burnley
Life Satisfaction,High (score 7 to 8) %,41.53,2022,Burnley
Life Satisfaction,High (score 7 to 8) %,44.65,2014,Burnley
Life Satisfaction,High (score 7 to 8) %,45.52,2016,Burnley
Life Satisfaction,High (score 7 to 8) %,48.22,2013,Burnley
Life Satisfaction,High (score 7 to 8) %,48.31,2021,Burnley
Life Satisfaction,High (score 7 to 8) %,48.49,2017,Burnley
Life Satisfaction,High (score 7 to 8) %,48.73,2019,Burnley
Life Satisfaction,High (score 7 to 8) %,50.91,2015,Burnley
Life Satisfaction,High (score 7 to 8) %,57.42,2020,Burnley
Life Satisfaction,High (score 7 to 8) %,59.19,2018,Burnley
Life Satisfaction,High (score 7 to 8) %,37.81,2023,Chorley
Life Satisfaction,High (score 7 to 8) %,44.91,2013,Chorley
Life Satisfaction,High (score 7 to 8) %,45.36,2019,Chorley
Life Satisfaction,High (score 7 to 8) %,45.97,2016,Chorley
Life Satisfaction,High (score 7 to 8) %,46.07,2017,Chorley
Life Satisfaction,High (score 7 to 8) %,48.45,2020,Chorley
Life Satisfaction,High (score 7 to 8) %,48.56,2018,Chorley
Life Satisfaction,High (score 7 to 8) %,49.93,2014,Chorley
Life Satisfaction,High (score 7 to 8) %,52.75,2015,Chorley
Life Satisfaction,High (score 7 to 8) %,53.58,2022,Chorley
Life Satisfaction,High (score 7 to 8) %,54.1,2021,Chorley
Life Satisfaction,High (score 7 to 8) %,56.35,2012,Chorley
Life Satisfaction,High (score 7 to 8) %,46.29,2020,Fylde
Life Satisfaction,High (score 7 to 8) %,47.05,2018,Fylde
Life Satisfaction,High (score 7 to 8) %,47.91,2019,Fylde
Life Satisfaction,High (score 7 to 8) %,47.98,2012,Fylde
Life Satisfaction,High (score 7 to 8) %,48.45,2022,Fylde
Life Satisfaction,High (score 7 to 8) %,49.35,2015,Fylde
Life Satisfaction,High (score 7 to 8) %,49.81,2014,Fylde
Life Satisfaction,High (score 7 to 8) %,51.55,2023,Fylde
Life Satisfaction,High (score 7 to 8) %,52.12,2013,Fylde
Life Satisfaction,High (score 7 to 8) %,53.14,2017,Fylde
Life Satisfaction,High (score 7 to 8) %,56.9,2016,Fylde
Life Satisfaction,High (score 7 to 8) %,58.9,2021,Fylde
Life Satisfaction,High (score 7 to 8) %,36.46,2013,Hyndburn
Life Satisfaction,High (score 7 to 8) %,39.25,2020,Hyndburn
Life Satisfaction,High (score 7 to 8) %,45.18,2014,Hyndburn
Life Satisfaction,High (score 7 to 8) %,45.66,2017,Hyndburn
Life Satisfaction,High (score 7 to 8) %,46.97,2012,Hyndburn
Life Satisfaction,High (score 7 to 8) %,47.91,2021,Hyndburn
Life Satisfaction,High (score 7 to 8) %,48.31,2019,Hyndburn
Life Satisfaction,High (score 7 to 8) %,48.83,2015,Hyndburn
Life Satisfaction,High (score 7 to 8) %,50.06,2023,Hyndburn
Life Satisfaction,High (score 7 to 8) %,51.78,2022,Hyndburn
Life Satisfaction,High (score 7 to 8) %,54.16,2016,Hyndburn
Life Satisfaction,High (score 7 to 8) %,57.92,2018,Hyndburn
Life Satisfaction,High (score 7 to 8) %,43.26,2015,Lancaster
Life Satisfaction,High (score 7 to 8) %,48.9,2023,Lancaster
Life Satisfaction,High (score 7 to 8) %,49.62,2013,Lancaster
Life Satisfaction,High (score 7 to 8) %,50.87,2016,Lancaster
Life Satisfaction,High (score 7 to 8) %,51.52,2021,Lancaster
Life Satisfaction,High (score 7 to 8) %,52.14,2022,Lancaster
Life Satisfaction,High (score 7 to 8) %,52.82,2020,Lancaster
Life Satisfaction,High (score 7 to 8) %,54.21,2014,Lancaster
Life Satisfaction,High (score 7 to 8) %,54.6,2019,Lancaster
Life Satisfaction,High (score 7 to 8) %,54.69,2018,Lancaster
Life Satisfaction,High (score 7 to 8) %,57.35,2012,Lancaster
Life Satisfaction,High (score 7 to 8) %,58.79,2017,Lancaster
Life Satisfaction,High (score 7 to 8) %,40.06,2012,Pendle
Life Satisfaction,High (score 7 to 8) %,41.96,2022,Pendle
Life Satisfaction,High (score 7 to 8) %,42.94,2015,Pendle
Life Satisfaction,High (score 7 to 8) %,44.52,2017,Pendle
Life Satisfaction,High (score 7 to 8) %,45.5,2023,Pendle
Life Satisfaction,High (score 7 to 8) %,46.03,2016,Pendle
Life Satisfaction,High (score 7 to 8) %,49.85,2014,Pendle
Life Satisfaction,High (score 7 to 8) %,51.72,2013,Pendle
Life Satisfaction,High (score 7 to 8) %,51.76,2020,Pendle
Life Satisfaction,High (score 7 to 8) %,56.02,2019,Pendle
Life Satisfaction,High (score 7 to 8) %,59.06,2021,Pendle
Life Satisfaction,High (score 7 to 8) %,61.37,2018,Pendle
Life Satisfaction,High (score 7 to 8) %,39.62,2016,Preston
Life Satisfaction,High (score 7 to 8) %,42.32,2023,Preston
Life Satisfaction,High (score 7 to 8) %,43.89,2015,Preston
Life Satisfaction,High (score 7 to 8) %,44.34,2020,Preston
Life Satisfaction,High (score 7 to 8) %,49.67,2017,Preston
Life Satisfaction,High (score 7 to 8) %,49.77,2013,Preston
Life Satisfaction,High (score 7 to 8) %,52.22,2014,Preston
Life Satisfaction,High (score 7 to 8) %,54.74,2019,Preston
Life Satisfaction,High (score 7 to 8) %,54.88,2018,Preston
Life Satisfaction,High (score 7 to 8) %,55.63,2012,Preston
Life Satisfaction,High (score 7 to 8) %,55.66,2021,Preston
Life Satisfaction,High (score 7 to 8) %,58.76,2022,Preston
Life Satisfaction,High (score 7 to 8) %,39.64,2019,Ribble Valley
Life Satisfaction,High (score 7 to 8) %,40.39,2014,Ribble Valley
Life Satisfaction,High (score 7 to 8) %,41.25,2013,Ribble Valley
Life Satisfaction,High (score 7 to 8) %,46.42,2020,Ribble Valley
Life Satisfaction,High (score 7 to 8) %,46.77,2022,Ribble Valley
Life Satisfaction,High (score 7 to 8) %,51.26,2012,Ribble Valley
Life Satisfaction,High (score 7 to 8) %,52.1,2015,Ribble Valley
Life Satisfaction,High (score 7 to 8) %,54.26,2016,Ribble Valley
Life Satisfaction,High (score 7 to 8) %,54.47,2021,Ribble Valley
Life Satisfaction,High (score 7 to 8) %,54.49,2018,Ribble Valley
Life Satisfaction,High (score 7 to 8) %,55.94,2023,Ribble Valley
Life Satisfaction,High (score 7 to 8) %,56.78,2017,Ribble Valley
Life Satisfaction,High (score 7 to 8) %,40.39,2017,Rossendale
Life Satisfaction,High (score 7 to 8) %,41.23,2015,Rossendale
Life Satisfaction,High (score 7 to 8) %,42.53,2016,Rossendale
Life Satisfaction,High (score 7 to 8) %,45.49,2020,Rossendale
Life Satisfaction,High (score 7 to 8) %,48.44,2012,Rossendale
Life Satisfaction,High (score 7 to 8) %,49.4,2019,Rossendale
Life Satisfaction,High (score 7 to 8) %,50.65,2022,Rossendale
Life Satisfaction,High (score 7 to 8) %,51.11,2023,Rossendale
Life Satisfaction,High (score 7 to 8) %,51.99,2013,Rossendale
Life Satisfaction,High (score 7 to 8) %,57.21,2018,Rossendale
Life Satisfaction,High (score 7 to 8) %,59.16,2014,Rossendale
Life Satisfaction,High (score 7 to 8) %,62.16,2021,Rossendale
Life Satisfaction,High (score 7 to 8) %,46.94,2013,South Ribble
Life Satisfaction,High (score 7 to 8) %,47.84,2015,South Ribble
Life Satisfaction,High (score 7 to 8) %,49.39,2016,South Ribble
Life Satisfaction,High (score 7 to 8) %,50.28,2019,South Ribble
Life Satisfaction,High (score 7 to 8) %,50.44,2018,South Ribble
Life Satisfaction,High (score 7 to 8) %,53.1,2022,South Ribble
Life Satisfaction,High (score 7 to 8) %,53.17,2012,South Ribble
Life Satisfaction,High (score 7 to 8) %,56.22,2014,South Ribble
Life Satisfaction,High (score 7 to 8) %,57.07,2021,South Ribble
Life Satisfaction,High (score 7 to 8) %,57.38,2017,South Ribble
Life Satisfaction,High (score 7 to 8) %,60.24,2020,South Ribble
Life Satisfaction,High (score 7 to 8) %,65.39,2023,South Ribble
Life Satisfaction,High (score 7 to 8) %,38.48,2023,West Lancashire
Life Satisfaction,High (score 7 to 8) %,41.85,2022,West Lancashire
Life Satisfaction,High (score 7 to 8) %,43.05,2014,West Lancashire
Life Satisfaction,High (score 7 to 8) %,43.64,2018,West Lancashire
Life Satisfaction,High (score 7 to 8) %,44.45,2016,West Lancashire
Life Satisfaction,High (score 7 to 8) %,45,2013,West Lancashire
Life Satisfaction,High (score 7 to 8) %,45.04,2015,West Lancashire
Life Satisfaction,High (score 7 to 8) %,48.04,2020,West Lancashire
Life Satisfaction,High (score 7 to 8) %,50.55,2019,West Lancashire
Life Satisfaction,High (score 7 to 8) %,50.66,2021,West Lancashire
Life Satisfaction,High (score 7 to 8) %,52.27,2017,West Lancashire
Life Satisfaction,High (score 7 to 8) %,53.33,2012,West Lancashire
Life Satisfaction,High (score 7 to 8) %,39.1,2020,Wyre
Life Satisfaction,High (score 7 to 8) %,43.46,2016,Wyre
Life Satisfaction,High (score 7 to 8) %,44.62,2015,Wyre
Life Satisfaction,High (score 7 to 8) %,45.92,2012,Wyre
Life Satisfaction,High (score 7 to 8) %,46.68,2013,Wyre
Life Satisfaction,High (score 7 to 8) %,48.49,2022,Wyre
Life Satisfaction,High (score 7 to 8) %,49.34,2014,Wyre
Life Satisfaction,High (score 7 to 8) %,53.21,2018,Wyre
Life Satisfaction,High (score 7 to 8) %,53.9,2017,Wyre
Life Satisfaction,High (score 7 to 8) %,57.78,2019,Wyre
Life Satisfaction,High (score 7 to 8) %,58.35,2023,Wyre
Life Satisfaction,High (score 7 to 8) %,58.5,2021,Wyre
Life Satisfaction,Low (score 0 to 4) %,4.41,2018,Blackburn with Darwen
Life Satisfaction,Low (score 0 to 4) %,4.52,2020,Blackburn with Darwen
Life Satisfaction,Low (score 0 to 4) %,4.6,2019,Blackburn with Darwen
Life Satisfaction,Low (score 0 to 4) %,5.3,2016,Blackburn with Darwen
Life Satisfaction,Low (score 0 to 4) %,5.36,2021,Blackburn with Darwen
Life Satisfaction,Low (score 0 to 4) %,5.8,2022,Blackburn with Darwen
Life Satisfaction,Low (score 0 to 4) %,5.89,2015,Blackburn with Darwen
Life Satisfaction,Low (score 0 to 4) %,6.36,2017,Blackburn with Darwen
Life Satisfaction,Low (score 0 to 4) %,6.96,2023,Blackburn with Darwen
Life Satisfaction,Low (score 0 to 4) %,7.75,2013,Blackburn with Darwen
Life Satisfaction,Low (score 0 to 4) %,8.1,2012,Blackburn with Darwen
Life Satisfaction,Low (score 0 to 4) %,9.41,2014,Blackburn with Darwen
Life Satisfaction,Low (score 0 to 4) %,6.07,2019,Blackpool
Life Satisfaction,Low (score 0 to 4) %,6.39,2023,Blackpool
Life Satisfaction,Low (score 0 to 4) %,6.6,2015,Blackpool
Life Satisfaction,Low (score 0 to 4) %,6.84,2018,Blackpool
Life Satisfaction,Low (score 0 to 4) %,7.02,2017,Blackpool
Life Satisfaction,Low (score 0 to 4) %,7.33,2016,Blackpool
Life Satisfaction,Low (score 0 to 4) %,7.42,2013,Blackpool
Life Satisfaction,Low (score 0 to 4) %,7.44,2014,Blackpool
Life Satisfaction,Low (score 0 to 4) %,7.44,2021,Blackpool
Life Satisfaction,Low (score 0 to 4) %,7.55,2020,Blackpool
Life Satisfaction,Low (score 0 to 4) %,8.22,2022,Blackpool
Life Satisfaction,Low (score 0 to 4) %,10.95,2012,Blackpool
Life Satisfaction,Low (score 0 to 4) %,3.84,2015,Burnley
Life Satisfaction,Low (score 0 to 4) %,5.93,2020,Burnley
Life Satisfaction,Low (score 0 to 4) %,9.86,2012,Burnley
Life Satisfaction,Low (score 0 to 4) %,10.59,2013,Burnley
Life Satisfaction,Low (score 0 to 4) %,10.62,2019,Burnley
Life Satisfaction,Low (score 0 to 4) %,13.84,2021,Burnley
Life Satisfaction,Low (score 0 to 4) %,16.79,2016,Burnley
Life Satisfaction,Low (score 0 to 4) %,2.67,2018,Chorley
Life Satisfaction,Low (score 0 to 4) %,4.19,2013,Chorley
Life Satisfaction,Low (score 0 to 4) %,4.28,2021,Chorley
Life Satisfaction,Low (score 0 to 4) %,4.43,2015,Chorley
Life Satisfaction,Low (score 0 to 4) %,7.03,2016,Chorley
Life Satisfaction,Low (score 0 to 4) %,7.05,2020,Chorley
Life Satisfaction,Low (score 0 to 4) %,7.1,2014,Chorley
Life Satisfaction,Low (score 0 to 4) %,7.17,2012,Chorley
Life Satisfaction,Low (score 0 to 4) %,7.65,2017,Chorley
Life Satisfaction,Low (score 0 to 4) %,13.29,2023,Chorley
Life Satisfaction,Low (score 0 to 4) %,3.64,2021,Fylde
Life Satisfaction,Low (score 0 to 4) %,5.22,2016,Fylde
Life Satisfaction,Low (score 0 to 4) %,5.79,2012,Fylde
Life Satisfaction,Low (score 0 to 4) %,5.28,2020,Hyndburn
Life Satisfaction,Low (score 0 to 4) %,6.32,2018,Hyndburn
Life Satisfaction,Low (score 0 to 4) %,6.62,2017,Hyndburn
Life Satisfaction,Low (score 0 to 4) %,8.16,2013,Hyndburn
Life Satisfaction,Low (score 0 to 4) %,9.46,2022,Hyndburn
Life Satisfaction,Low (score 0 to 4) %,11.3,2014,Hyndburn
Life Satisfaction,Low (score 0 to 4) %,13.54,2023,Hyndburn
Life Satisfaction,Low (score 0 to 4) %,2.86,2019,Lancaster
Life Satisfaction,Low (score 0 to 4) %,2.92,2022,Lancaster
Life Satisfaction,Low (score 0 to 4) %,3.27,2014,Lancaster
Life Satisfaction,Low (score 0 to 4) %,3.38,2023,Lancaster
Life Satisfaction,Low (score 0 to 4) %,3.58,2012,Lancaster
Life Satisfaction,Low (score 0 to 4) %,3.83,2020,Lancaster
Life Satisfaction,Low (score 0 to 4) %,4.16,2013,Lancaster
Life Satisfaction,Low (score 0 to 4) %,4.95,2015,Lancaster
Life Satisfaction,Low (score 0 to 4) %,5.2,2017,Lancaster
Life Satisfaction,Low (score 0 to 4) %,5.6,2016,Lancaster
Life Satisfaction,Low (score 0 to 4) %,4.53,2012,Pendle
Life Satisfaction,Low (score 0 to 4) %,5.65,2022,Pendle
Life Satisfaction,Low (score 0 to 4) %,5.85,2015,Pendle
Life Satisfaction,Low (score 0 to 4) %,7.17,2014,Pendle
Life Satisfaction,Low (score 0 to 4) %,8.11,2018,Pendle
Life Satisfaction,Low (score 0 to 4) %,8.85,2021,Pendle
Life Satisfaction,Low (score 0 to 4) %,11.05,2013,Pendle
Life Satisfaction,Low (score 0 to 4) %,2.27,2021,Preston
Life Satisfaction,Low (score 0 to 4) %,4.31,2013,Preston
Life Satisfaction,Low (score 0 to 4) %,4.7,2012,Preston
Life Satisfaction,Low (score 0 to 4) %,4.82,2015,Preston
Life Satisfaction,Low (score 0 to 4) %,5.84,2023,Preston
Life Satisfaction,Low (score 0 to 4) %,5.97,2014,Preston
Life Satisfaction,Low (score 0 to 4) %,6.17,2020,Preston
Life Satisfaction,Low (score 0 to 4) %,6.81,2017,Preston
Life Satisfaction,Low (score 0 to 4) %,6.99,2022,Preston
Life Satisfaction,Low (score 0 to 4) %,13.67,2016,Preston
Life Satisfaction,Low (score 0 to 4) %,7.23,2019,Rossendale
Life Satisfaction,Low (score 0 to 4) %,7.69,2015,Rossendale
Life Satisfaction,Low (score 0 to 4) %,7.83,2012,Rossendale
Life Satisfaction,Low (score 0 to 4) %,9.2,2017,Rossendale
Life Satisfaction,Low (score 0 to 4) %,3.06,2015,South Ribble
Life Satisfaction,Low (score 0 to 4) %,4.07,2017,South Ribble
Life Satisfaction,Low (score 0 to 4) %,5.18,2019,South Ribble
Life Satisfaction,Low (score 0 to 4) %,5.52,2023,South Ribble
Life Satisfaction,Low (score 0 to 4) %,6.07,2016,South Ribble
Life Satisfaction,Low (score 0 to 4) %,6.47,2013,South Ribble
Life Satisfaction,Low (score 0 to 4) %,8,2012,South Ribble
Life Satisfaction,Low (score 0 to 4) %,8.28,2014,South Ribble
Life Satisfaction,Low (score 0 to 4) %,9.05,2022,South Ribble
Life Satisfaction,Low (score 0 to 4) %,2.9,2018,West Lancashire
Life Satisfaction,Low (score 0 to 4) %,3.48,2015,West Lancashire
Life Satisfaction,Low (score 0 to 4) %,5.68,2014,West Lancashire
Life Satisfaction,Low (score 0 to 4) %,5.92,2019,West Lancashire
Life Satisfaction,Low (score 0 to 4) %,6.58,2017,West Lancashire
Life Satisfaction,Low (score 0 to 4) %,6.93,2023,West Lancashire
Life Satisfaction,Low (score 0 to 4) %,7.58,2013,West Lancashire
Life Satisfaction,Low (score 0 to 4) %,7.87,2021,West Lancashire
Life Satisfaction,Low (score 0 to 4) %,8.71,2020,West Lancashire
Life Satisfaction,Low (score 0 to 4) %,10.49,2012,West Lancashire
Life Satisfaction,Low (score 0 to 4) %,15.7,2016,West Lancashire
Life Satisfaction,Low (score 0 to 4) %,3.56,2014,Wyre
Life Satisfaction,Low (score 0 to 4) %,4.49,2020,Wyre
Life Satisfaction,Low (score 0 to 4) %,4.75,2019,Wyre
Life Satisfaction,Low (score 0 to 4) %,5.01,2018,Wyre
Life Satisfaction,Low (score 0 to 4) %,6.12,2013,Wyre
Life Satisfaction,Low (score 0 to 4) %,6.17,2015,Wyre
Life Satisfaction,Low (score 0 to 4) %,6.74,2017,Wyre
Life Satisfaction,Low (score 0 to 4) %,8.46,2023,Wyre
Life Satisfaction,Low (score 0 to 4) %,8.84,2016,Wyre
Life Satisfaction,Low (score 0 to 4) %,10.2,2012,Wyre
Life Satisfaction,Medium (score 5 to 6) %,13.59,2018,Blackburn with Darwen
Life Satisfaction,Medium (score 5 to 6) %,13.81,2020,Blackburn with Darwen
Life Satisfaction,Medium (score 5 to 6) %,15.6,2019,Blackburn with Darwen
Life Satisfaction,Medium (score 5 to 6) %,16.22,2017,Blackburn with Darwen
Life Satisfaction,Medium (score 5 to 6) %,16.43,2015,Blackburn with Darwen
Life Satisfaction,Medium (score 5 to 6) %,17.09,2014,Blackburn with Darwen
Life Satisfaction,Medium (score 5 to 6) %,17.17,2016,Blackburn with Darwen
Life Satisfaction,Medium (score 5 to 6) %,18.05,2022,Blackburn with Darwen
Life Satisfaction,Medium (score 5 to 6) %,19.65,2023,Blackburn with Darwen
Life Satisfaction,Medium (score 5 to 6) %,21.01,2012,Blackburn with Darwen
Life Satisfaction,Medium (score 5 to 6) %,21.78,2021,Blackburn with Darwen
Life Satisfaction,Medium (score 5 to 6) %,21.88,2013,Blackburn with Darwen
Life Satisfaction,Medium (score 5 to 6) %,13.46,2020,Blackpool
Life Satisfaction,Medium (score 5 to 6) %,15.88,2022,Blackpool
Life Satisfaction,Medium (score 5 to 6) %,16.18,2023,Blackpool
Life Satisfaction,Medium (score 5 to 6) %,16.93,2017,Blackpool
Life Satisfaction,Medium (score 5 to 6) %,17.16,2018,Blackpool
Life Satisfaction,Medium (score 5 to 6) %,17.65,2012,Blackpool
Life Satisfaction,Medium (score 5 to 6) %,18.23,2019,Blackpool
Life Satisfaction,Medium (score 5 to 6) %,18.6,2014,Blackpool
Life Satisfaction,Medium (score 5 to 6) %,18.61,2016,Blackpool
Life Satisfaction,Medium (score 5 to 6) %,19.13,2013,Blackpool
Life Satisfaction,Medium (score 5 to 6) %,20.28,2015,Blackpool
Life Satisfaction,Medium (score 5 to 6) %,21.82,2021,Blackpool
Life Satisfaction,Medium (score 5 to 6) %,12.24,2019,Burnley
Life Satisfaction,Medium (score 5 to 6) %,12.41,2013,Burnley
Life Satisfaction,Medium (score 5 to 6) %,12.54,2020,Burnley
Life Satisfaction,Medium (score 5 to 6) %,12.74,2021,Burnley
Life Satisfaction,Medium (score 5 to 6) %,14.53,2015,Burnley
Life Satisfaction,Medium (score 5 to 6) %,14.65,2016,Burnley
Life Satisfaction,Medium (score 5 to 6) %,24.38,2012,Burnley
Life Satisfaction,Medium (score 5 to 6) %,10.14,2020,Chorley
Life Satisfaction,Medium (score 5 to 6) %,10.22,2021,Chorley
Life Satisfaction,Medium (score 5 to 6) %,11.15,2018,Chorley
Life Satisfaction,Medium (score 5 to 6) %,12.43,2023,Chorley
Life Satisfaction,Medium (score 5 to 6) %,12.95,2017,Chorley
Life Satisfaction,Medium (score 5 to 6) %,14.14,2014,Chorley
Life Satisfaction,Medium (score 5 to 6) %,15.47,2015,Chorley
Life Satisfaction,Medium (score 5 to 6) %,16.3,2012,Chorley
Life Satisfaction,Medium (score 5 to 6) %,16.89,2016,Chorley
Life Satisfaction,Medium (score 5 to 6) %,18.36,2013,Chorley
Life Satisfaction,Medium (score 5 to 6) %,6.62,2019,Fylde
Life Satisfaction,Medium (score 5 to 6) %,7.46,2016,Fylde
Life Satisfaction,Medium (score 5 to 6) %,12.94,2021,Fylde
Life Satisfaction,Medium (score 5 to 6) %,15.92,2012,Fylde
Life Satisfaction,Medium (score 5 to 6) %,7.7,2018,Hyndburn
Life Satisfaction,Medium (score 5 to 6) %,13.67,2017,Hyndburn
Life Satisfaction,Medium (score 5 to 6) %,15.65,2014,Hyndburn
Life Satisfaction,Medium (score 5 to 6) %,18.1,2022,Hyndburn
Life Satisfaction,Medium (score 5 to 6) %,22.33,2023,Hyndburn
Life Satisfaction,Medium (score 5 to 6) %,25.63,2020,Hyndburn
Life Satisfaction,Medium (score 5 to 6) %,27.6,2013,Hyndburn
Life Satisfaction,Medium (score 5 to 6) %,28.65,2012,Hyndburn
Life Satisfaction,Medium (score 5 to 6) %,7.87,2022,Lancaster
Life Satisfaction,Medium (score 5 to 6) %,12.59,2017,Lancaster
Life Satisfaction,Medium (score 5 to 6) %,13.6,2014,Lancaster
Life Satisfaction,Medium (score 5 to 6) %,14.93,2012,Lancaster
Life Satisfaction,Medium (score 5 to 6) %,15.61,2016,Lancaster
Life Satisfaction,Medium (score 5 to 6) %,16.02,2013,Lancaster
Life Satisfaction,Medium (score 5 to 6) %,17.28,2019,Lancaster
Life Satisfaction,Medium (score 5 to 6) %,18.79,2023,Lancaster
Life Satisfaction,Medium (score 5 to 6) %,19.96,2020,Lancaster
Life Satisfaction,Medium (score 5 to 6) %,20.87,2015,Lancaster
Life Satisfaction,Medium (score 5 to 6) %,10.3,2021,Pendle
Life Satisfaction,Medium (score 5 to 6) %,11.21,2022,Pendle
Life Satisfaction,Medium (score 5 to 6) %,12.41,2018,Pendle
Life Satisfaction,Medium (score 5 to 6) %,18.22,2013,Pendle
Life Satisfaction,Medium (score 5 to 6) %,18.43,2014,Pendle
Life Satisfaction,Medium (score 5 to 6) %,23.15,2012,Pendle
Life Satisfaction,Medium (score 5 to 6) %,23.6,2015,Pendle
Life Satisfaction,Medium (score 5 to 6) %,10.53,2021,Preston
Life Satisfaction,Medium (score 5 to 6) %,12.13,2012,Preston
Life Satisfaction,Medium (score 5 to 6) %,12.27,2020,Preston
Life Satisfaction,Medium (score 5 to 6) %,16.18,2017,Preston
Life Satisfaction,Medium (score 5 to 6) %,16.81,2022,Preston
Life Satisfaction,Medium (score 5 to 6) %,18.67,2015,Preston
Life Satisfaction,Medium (score 5 to 6) %,18.87,2013,Preston
Life Satisfaction,Medium (score 5 to 6) %,19.45,2014,Preston
Life Satisfaction,Medium (score 5 to 6) %,22.2,2016,Preston
Life Satisfaction,Medium (score 5 to 6) %,24.87,2023,Preston
Life Satisfaction,Medium (score 5 to 6) %,10.89,2015,Rossendale
Life Satisfaction,Medium (score 5 to 6) %,11.22,2019,Rossendale
Life Satisfaction,Medium (score 5 to 6) %,12.41,2012,Rossendale
Life Satisfaction,Medium (score 5 to 6) %,16.77,2017,Rossendale
Life Satisfaction,Medium (score 5 to 6) %,22.62,2021,Rossendale
Life Satisfaction,Medium (score 5 to 6) %,8.12,2017,South Ribble
Life Satisfaction,Medium (score 5 to 6) %,8.18,2023,South Ribble
Life Satisfaction,Medium (score 5 to 6) %,10.79,2022,South Ribble
Life Satisfaction,Medium (score 5 to 6) %,11.69,2016,South Ribble
Life Satisfaction,Medium (score 5 to 6) %,12.01,2015,South Ribble
Life Satisfaction,Medium (score 5 to 6) %,13.69,2012,South Ribble
Life Satisfaction,Medium (score 5 to 6) %,14.35,2013,South Ribble
Life Satisfaction,Medium (score 5 to 6) %,15.02,2019,South Ribble
Life Satisfaction,Medium (score 5 to 6) %,17.96,2014,South Ribble
Life Satisfaction,Medium (score 5 to 6) %,10.95,2021,West Lancashire
Life Satisfaction,Medium (score 5 to 6) %,11.42,2019,West Lancashire
Life Satisfaction,Medium (score 5 to 6) %,13.01,2017,West Lancashire
Life Satisfaction,Medium (score 5 to 6) %,15.98,2012,West Lancashire
Life Satisfaction,Medium (score 5 to 6) %,16.95,2020,West Lancashire
Life Satisfaction,Medium (score 5 to 6) %,17.41,2018,West Lancashire
Life Satisfaction,Medium (score 5 to 6) %,18.96,2014,West Lancashire
Life Satisfaction,Medium (score 5 to 6) %,19.12,2015,West Lancashire
Life Satisfaction,Medium (score 5 to 6) %,19.94,2016,West Lancashire
Life Satisfaction,Medium (score 5 to 6) %,20.19,2013,West Lancashire
Life Satisfaction,Medium (score 5 to 6) %,23.15,2023,West Lancashire
Life Satisfaction,Medium (score 5 to 6) %,3.67,2023,Wyre
Life Satisfaction,Medium (score 5 to 6) %,8.63,2019,Wyre
Life Satisfaction,Medium (score 5 to 6) %,10.61,2017,Wyre
Life Satisfaction,Medium (score 5 to 6) %,11.04,2012,Wyre
Life Satisfaction,Medium (score 5 to 6) %,11.25,2016,Wyre
Life Satisfaction,Medium (score 5 to 6) %,11.29,2018,Wyre
Life Satisfaction,Medium (score 5 to 6) %,14.08,2015,Wyre
Life Satisfaction,Medium (score 5 to 6) %,15.32,2014,Wyre
Life Satisfaction,Medium (score 5 to 6) %,17.86,2013,Wyre
Life Satisfaction,Medium (score 5 to 6) %,23.39,2020,Wyre
Life Satisfaction,Very high (score 9 to 10) %,22.08,2012,Blackburn with Darwen
Life Satisfaction,Very high (score 9 to 10) %,23.56,2023,Blackburn with Darwen
Life Satisfaction,Very high (score 9 to 10) %,24.34,2022,Blackburn with Darwen
Life Satisfaction,Very high (score 9 to 10) %,25.74,2013,Blackburn with Darwen
Life Satisfaction,Very high (score 9 to 10) %,26.21,2014,Blackburn with Darwen
Life Satisfaction,Very high (score 9 to 10) %,27.95,2021,Blackburn with Darwen
Life Satisfaction,Very high (score 9 to 10) %,29.51,2017,Blackburn with Darwen
Life Satisfaction,Very high (score 9 to 10) %,29.75,2015,Blackburn with Darwen
Life Satisfaction,Very high (score 9 to 10) %,30.68,2016,Blackburn with Darwen
Life Satisfaction,Very high (score 9 to 10) %,35.09,2018,Blackburn with Darwen
Life Satisfaction,Very high (score 9 to 10) %,36.01,2020,Blackburn with Darwen
Life Satisfaction,Very high (score 9 to 10) %,36.11,2019,Blackburn with Darwen
Life Satisfaction,Very high (score 9 to 10) %,21.12,2021,Blackpool
Life Satisfaction,Very high (score 9 to 10) %,23.78,2012,Blackpool
Life Satisfaction,Very high (score 9 to 10) %,24.51,2015,Blackpool
Life Satisfaction,Very high (score 9 to 10) %,25.81,2013,Blackpool
Life Satisfaction,Very high (score 9 to 10) %,26.9,2023,Blackpool
Life Satisfaction,Very high (score 9 to 10) %,27.57,2014,Blackpool
Life Satisfaction,Very high (score 9 to 10) %,28.06,2018,Blackpool
Life Satisfaction,Very high (score 9 to 10) %,28.75,2017,Blackpool
Life Satisfaction,Very high (score 9 to 10) %,29.15,2022,Blackpool
Life Satisfaction,Very high (score 9 to 10) %,29.48,2016,Blackpool
Life Satisfaction,Very high (score 9 to 10) %,30.59,2019,Blackpool
Life Satisfaction,Very high (score 9 to 10) %,31.05,2020,Blackpool
Life Satisfaction,Very high (score 9 to 10) %,21.1,2018,Burnley
Life Satisfaction,Very high (score 9 to 10) %,21.33,2022,Burnley
Life Satisfaction,Very high (score 9 to 10) %,23.03,2016,Burnley
Life Satisfaction,Very high (score 9 to 10) %,24.1,2020,Burnley
Life Satisfaction,Very high (score 9 to 10) %,24.81,2012,Burnley
Life Satisfaction,Very high (score 9 to 10) %,25.11,2021,Burnley
Life Satisfaction,Very high (score 9 to 10) %,28.41,2019,Burnley
Life Satisfaction,Very high (score 9 to 10) %,28.77,2013,Burnley
Life Satisfaction,Very high (score 9 to 10) %,30.72,2015,Burnley
Life Satisfaction,Very high (score 9 to 10) %,30.76,2014,Burnley
Life Satisfaction,Very high (score 9 to 10) %,33.1,2017,Burnley
Life Satisfaction,Very high (score 9 to 10) %,20.18,2012,Chorley
Life Satisfaction,Very high (score 9 to 10) %,27.35,2015,Chorley
Life Satisfaction,Very high (score 9 to 10) %,28.83,2014,Chorley
Life Satisfaction,Very high (score 9 to 10) %,30.12,2016,Chorley
Life Satisfaction,Very high (score 9 to 10) %,31.24,2022,Chorley
Life Satisfaction,Very high (score 9 to 10) %,31.4,2021,Chorley
Life Satisfaction,Very high (score 9 to 10) %,32.54,2013,Chorley
Life Satisfaction,Very high (score 9 to 10) %,33.33,2017,Chorley
Life Satisfaction,Very high (score 9 to 10) %,34.36,2020,Chorley
Life Satisfaction,Very high (score 9 to 10) %,36.48,2023,Chorley
Life Satisfaction,Very high (score 9 to 10) %,37.61,2018,Chorley
Life Satisfaction,Very high (score 9 to 10) %,37.85,2019,Chorley
Life Satisfaction,Very high (score 9 to 10) %,24.51,2021,Fylde
Life Satisfaction,Very high (score 9 to 10) %,25.2,2013,Fylde
Life Satisfaction,Very high (score 9 to 10) %,30.3,2012,Fylde
Life Satisfaction,Very high (score 9 to 10) %,30.43,2016,Fylde
Life Satisfaction,Very high (score 9 to 10) %,30.66,2023,Fylde
Life Satisfaction,Very high (score 9 to 10) %,33.08,2017,Fylde
Life Satisfaction,Very high (score 9 to 10) %,33.09,2015,Fylde
Life Satisfaction,Very high (score 9 to 10) %,35.1,2022,Fylde
Life Satisfaction,Very high (score 9 to 10) %,36.4,2014,Fylde
Life Satisfaction,Very high (score 9 to 10) %,38.11,2018,Fylde
Life Satisfaction,Very high (score 9 to 10) %,43.9,2020,Fylde
Life Satisfaction,Very high (score 9 to 10) %,45.47,2019,Fylde
Life Satisfaction,Very high (score 9 to 10) %,14.07,2023,Hyndburn
Life Satisfaction,Very high (score 9 to 10) %,20.66,2022,Hyndburn
Life Satisfaction,Very high (score 9 to 10) %,22.98,2016,Hyndburn
Life Satisfaction,Very high (score 9 to 10) %,23.26,2015,Hyndburn
Life Satisfaction,Very high (score 9 to 10) %,23.71,2021,Hyndburn
Life Satisfaction,Very high (score 9 to 10) %,27.78,2013,Hyndburn
Life Satisfaction,Very high (score 9 to 10) %,27.87,2014,Hyndburn
Life Satisfaction,Very high (score 9 to 10) %,28.05,2018,Hyndburn
Life Satisfaction,Very high (score 9 to 10) %,29.84,2020,Hyndburn
Life Satisfaction,Very high (score 9 to 10) %,34.05,2017,Hyndburn
Life Satisfaction,Very high (score 9 to 10) %,35.36,2019,Hyndburn
Life Satisfaction,Very high (score 9 to 10) %,23.38,2020,Lancaster
Life Satisfaction,Very high (score 9 to 10) %,23.42,2017,Lancaster
Life Satisfaction,Very high (score 9 to 10) %,24.14,2012,Lancaster
Life Satisfaction,Very high (score 9 to 10) %,25.26,2019,Lancaster
Life Satisfaction,Very high (score 9 to 10) %,27.93,2016,Lancaster
Life Satisfaction,Very high (score 9 to 10) %,28.92,2023,Lancaster
Life Satisfaction,Very high (score 9 to 10) %,28.93,2014,Lancaster
Life Satisfaction,Very high (score 9 to 10) %,30.19,2013,Lancaster
Life Satisfaction,Very high (score 9 to 10) %,30.52,2021,Lancaster
Life Satisfaction,Very high (score 9 to 10) %,30.92,2015,Lancaster
Life Satisfaction,Very high (score 9 to 10) %,32.09,2018,Lancaster
Life Satisfaction,Very high (score 9 to 10) %,37.06,2022,Lancaster
Life Satisfaction,Very high (score 9 to 10) %,18.11,2018,Pendle
Life Satisfaction,Very high (score 9 to 10) %,19.01,2013,Pendle
Life Satisfaction,Very high (score 9 to 10) %,21.78,2021,Pendle
Life Satisfaction,Very high (score 9 to 10) %,24.55,2014,Pendle
Life Satisfaction,Very high (score 9 to 10) %,25.06,2019,Pendle
Life Satisfaction,Very high (score 9 to 10) %,27.61,2015,Pendle
Life Satisfaction,Very high (score 9 to 10) %,30.71,2016,Pendle
Life Satisfaction,Very high (score 9 to 10) %,31.22,2017,Pendle
Life Satisfaction,Very high (score 9 to 10) %,32.26,2012,Pendle
Life Satisfaction,Very high (score 9 to 10) %,38.6,2020,Pendle
Life Satisfaction,Very high (score 9 to 10) %,38.82,2023,Pendle
Life Satisfaction,Very high (score 9 to 10) %,41.18,2022,Pendle
Life Satisfaction,Very high (score 9 to 10) %,17.45,2022,Preston
Life Satisfaction,Very high (score 9 to 10) %,22.37,2014,Preston
Life Satisfaction,Very high (score 9 to 10) %,24.52,2016,Preston
Life Satisfaction,Very high (score 9 to 10) %,26.98,2023,Preston
Life Satisfaction,Very high (score 9 to 10) %,27.05,2013,Preston
Life Satisfaction,Very high (score 9 to 10) %,27.33,2017,Preston
Life Satisfaction,Very high (score 9 to 10) %,27.53,2012,Preston
Life Satisfaction,Very high (score 9 to 10) %,29.42,2018,Preston
Life Satisfaction,Very high (score 9 to 10) %,31.54,2021,Preston
Life Satisfaction,Very high (score 9 to 10) %,32.62,2015,Preston
Life Satisfaction,Very high (score 9 to 10) %,34.35,2019,Preston
Life Satisfaction,Very high (score 9 to 10) %,37.22,2020,Preston
Life Satisfaction,Very high (score 9 to 10) %,25.24,2016,Ribble Valley
Life Satisfaction,Very high (score 9 to 10) %,29.08,2017,Ribble Valley
Life Satisfaction,Very high (score 9 to 10) %,31.34,2023,Ribble Valley
Life Satisfaction,Very high (score 9 to 10) %,33.41,2015,Ribble Valley
Life Satisfaction,Very high (score 9 to 10) %,34.06,2022,Ribble Valley
Life Satisfaction,Very high (score 9 to 10) %,34.35,2021,Ribble Valley
Life Satisfaction,Very high (score 9 to 10) %,34.68,2012,Ribble Valley
Life Satisfaction,Very high (score 9 to 10) %,36.51,2013,Ribble Valley
Life Satisfaction,Very high (score 9 to 10) %,36.85,2018,Ribble Valley
Life Satisfaction,Very high (score 9 to 10) %,39.97,2020,Ribble Valley
Life Satisfaction,Very high (score 9 to 10) %,46.9,2014,Ribble Valley
Life Satisfaction,Very high (score 9 to 10) %,47.95,2019,Ribble Valley
Life Satisfaction,Very high (score 9 to 10) %,23.66,2014,Rossendale
Life Satisfaction,Very high (score 9 to 10) %,25.83,2023,Rossendale
Life Satisfaction,Very high (score 9 to 10) %,27.12,2020,Rossendale
Life Satisfaction,Very high (score 9 to 10) %,27.43,2013,Rossendale
Life Satisfaction,Very high (score 9 to 10) %,30.72,2022,Rossendale
Life Satisfaction,Very high (score 9 to 10) %,31.32,2012,Rossendale
Life Satisfaction,Very high (score 9 to 10) %,31.84,2018,Rossendale
Life Satisfaction,Very high (score 9 to 10) %,32.15,2019,Rossendale
Life Satisfaction,Very high (score 9 to 10) %,33.64,2017,Rossendale
Life Satisfaction,Very high (score 9 to 10) %,35.98,2016,Rossendale
Life Satisfaction,Very high (score 9 to 10) %,40.2,2015,Rossendale
Life Satisfaction,Very high (score 9 to 10) %,17.54,2014,South Ribble
Life Satisfaction,Very high (score 9 to 10) %,20.91,2023,South Ribble
Life Satisfaction,Very high (score 9 to 10) %,24.27,2020,South Ribble
Life Satisfaction,Very high (score 9 to 10) %,25.14,2012,South Ribble
Life Satisfaction,Very high (score 9 to 10) %,25.52,2021,South Ribble
Life Satisfaction,Very high (score 9 to 10) %,27.07,2022,South Ribble
Life Satisfaction,Very high (score 9 to 10) %,29.51,2019,South Ribble
Life Satisfaction,Very high (score 9 to 10) %,30.43,2017,South Ribble
Life Satisfaction,Very high (score 9 to 10) %,32.23,2013,South Ribble
Life Satisfaction,Very high (score 9 to 10) %,32.85,2016,South Ribble
Life Satisfaction,Very high (score 9 to 10) %,34.33,2018,South Ribble
Life Satisfaction,Very high (score 9 to 10) %,37.09,2015,South Ribble
Life Satisfaction,Very high (score 9 to 10) %,19.9,2016,West Lancashire
Life Satisfaction,Very high (score 9 to 10) %,20.2,2012,West Lancashire
Life Satisfaction,Very high (score 9 to 10) %,26.29,2020,West Lancashire
Life Satisfaction,Very high (score 9 to 10) %,27.23,2013,West Lancashire
Life Satisfaction,Very high (score 9 to 10) %,28.14,2017,West Lancashire
Life Satisfaction,Very high (score 9 to 10) %,30.52,2021,West Lancashire
Life Satisfaction,Very high (score 9 to 10) %,31.44,2023,West Lancashire
Life Satisfaction,Very high (score 9 to 10) %,32.12,2019,West Lancashire
Life Satisfaction,Very high (score 9 to 10) %,32.31,2014,West Lancashire
Life Satisfaction,Very high (score 9 to 10) %,32.37,2015,West Lancashire
Life Satisfaction,Very high (score 9 to 10) %,33.86,2022,West Lancashire
Life Satisfaction,Very high (score 9 to 10) %,36.05,2018,West Lancashire
Life Satisfaction,Very high (score 9 to 10) %,28.75,2017,Wyre
Life Satisfaction,Very high (score 9 to 10) %,28.84,2019,Wyre
Life Satisfaction,Very high (score 9 to 10) %,29.34,2013,Wyre
Life Satisfaction,Very high (score 9 to 10) %,29.51,2023,Wyre
Life Satisfaction,Very high (score 9 to 10) %,30.49,2018,Wyre
Life Satisfaction,Very high (score 9 to 10) %,31.2,2021,Wyre
Life Satisfaction,Very high (score 9 to 10) %,31.77,2014,Wyre
Life Satisfaction,Very high (score 9 to 10) %,32.83,2012,Wyre
Life Satisfaction,Very high (score 9 to 10) %,33.02,2020,Wyre
Life Satisfaction,Very high (score 9 to 10) %,33.04,2022,Wyre
Life Satisfaction,Very high (score 9 to 10) %,35.13,2015,Wyre
Life Satisfaction,Very high (score 9 to 10) %,36.45,2016,Wyre
