Local Authority,Age Range,Sex,Sum of Value
Blackburn with Darwen,Aged 0 - 15,Female,409860
Blackburn with Darwen,Aged 0 - 15,Male,427801
Blackburn with Darwen,Aged 0 - 15,Total,837661
Blackburn with Darwen,Aged 16 - 64,Female,1119144
Blackburn with Darwen,Aged 16 - 64,Male,1127612
Blackburn with Darwen,Aged 16 - 64,Total,2246756
Blackburn with Darwen,Aged 65 and over,Female,267464
Blackburn with Darwen,Aged 65 and over,Male,218802
Blackburn with Darwen,Aged 65 and over,Total,486266
Blackpool,Aged 0 - 15,Female,302178
Blackpool,Aged 0 - 15,Male,313390
Blackpool,Aged 0 - 15,Total,615568
Blackpool,Aged 16 - 64,Female,1064210
Blackpool,Aged 16 - 64,Male,1064129
Blackpool,Aged 16 - 64,Total,2128339
Blackpool,Aged 65 and over,Female,376013
Blackpool,Aged 65 and over,Male,300932
Blackpool,Aged 65 and over,Total,676945
Burnley,Aged 0 - 15,Female,216407
Burnley,Aged 0 - 15,Male,229716
Burnley,Aged 0 - 15,Total,446123
Burnley,Aged 16 - 64,Female,683509
Burnley,Aged 16 - 64,Male,672541
Burnley,Aged 16 - 64,Total,1356050
Burnley,Aged 65 and over,Female,201299
Burnley,Aged 65 and over,Male,162234
Burnley,Aged 65 and over,Total,363533
Chorley,Aged 0 - 15,Female,237281
Chorley,Aged 0 - 15,Male,248453
Chorley,Aged 0 - 15,Total,485734
Chorley,Aged 16 - 64,Female,828813
Chorley,Aged 16 - 64,Male,855454
Chorley,Aged 16 - 64,Total,1684267
Chorley,Aged 65 and over,Female,255024
Chorley,Aged 65 and over,Male,216014
Chorley,Aged 65 and over,Total,471038
Fylde,Aged 0 - 15,Female,143956
Fylde,Aged 0 - 15,Male,148269
Fylde,Aged 0 - 15,Total,292225
Fylde,Aged 16 - 64,Female,545233
Fylde,Aged 16 - 64,Male,547475
Fylde,Aged 16 - 64,Total,1092708
Fylde,Aged 65 and over,Female,265073
Fylde,Aged 65 and over,Male,209401
Fylde,Aged 65 and over,Total,474474
Great Britain,Aged 0 - 15,Female,136600777
Great Britain,Aged 0 - 15,Male,143417499
Great Britain,Aged 0 - 15,Total,280018276
Great Britain,Aged 16 - 64,Female,479848890
Great Britain,Aged 16 - 64,Male,470973162
Great Britain,Aged 16 - 64,Total,950822052
Great Britain,Aged 65 and over,Female,142768700
Great Britain,Aged 65 and over,Male,114671482
Great Britain,Aged 65 and over,Total,257440182
Hyndburn,Aged 0 - 15,Female,200489
Hyndburn,Aged 0 - 15,Male,210684
Hyndburn,Aged 0 - 15,Total,411173
Hyndburn,Aged 16 - 64,Female,612270
Hyndburn,Aged 16 - 64,Male,609583
Hyndburn,Aged 16 - 64,Total,1221853
Hyndburn,Aged 65 and over,Female,180479
Hyndburn,Aged 65 and over,Male,146920
Hyndburn,Aged 65 and over,Total,327399
Lancaster,Aged 0 - 15,Female,272875
Lancaster,Aged 0 - 15,Male,287791
Lancaster,Aged 0 - 15,Total,560666
Lancaster,Aged 16 - 64,Female,1077068
Lancaster,Aged 16 - 64,Male,1044971
Lancaster,Aged 16 - 64,Total,2122039
Lancaster,Aged 65 and over,Female,355278
Lancaster,Aged 65 and over,Male,283668
Lancaster,Aged 65 and over,Total,638946
North West,Aged 0 - 15,Female,15960801
North West,Aged 0 - 15,Male,16787898
North West,Aged 0 - 15,Total,32748699
North West,Aged 16 - 64,Female,54844391
North West,Aged 16 - 64,Male,53958573
North West,Aged 16 - 64,Total,108802964
North West,Aged 65 and over,Female,16526893
North West,Aged 65 and over,Male,13256021
North West,Aged 65 and over,Total,29782914
Pendle,Aged 0 - 15,Female,229128
Pendle,Aged 0 - 15,Male,237778
Pendle,Aged 0 - 15,Total,466906
Pendle,Aged 16 - 64,Female,685011
Pendle,Aged 16 - 64,Male,678121
Pendle,Aged 16 - 64,Total,1363132
Pendle,Aged 65 and over,Female,202960
Pendle,Aged 65 and over,Male,167367
Pendle,Aged 65 and over,Total,370327
Preston,Aged 0 - 15,Female,323493
Preston,Aged 0 - 15,Male,340859
Preston,Aged 0 - 15,Total,664352
Preston,Aged 16 - 64,Female,1112615
Preston,Aged 16 - 64,Male,1130772
Preston,Aged 16 - 64,Total,2243387
Preston,Aged 65 and over,Female,267521
Preston,Aged 65 and over,Male,219018
Preston,Aged 65 and over,Total,486539
Ribble Valley,Aged 0 - 15,Female,121464
Ribble Valley,Aged 0 - 15,Male,128610
Ribble Valley,Aged 0 - 15,Total,250074
Ribble Valley,Aged 16 - 64,Female,430571
Ribble Valley,Aged 16 - 64,Male,424654
Ribble Valley,Aged 16 - 64,Total,855225
Ribble Valley,Aged 65 and over,Female,163481
Ribble Valley,Aged 65 and over,Male,134895
Ribble Valley,Aged 65 and over,Total,298376
Rossendale,Aged 0 - 15,Female,160174
Rossendale,Aged 0 - 15,Male,166296
Rossendale,Aged 0 - 15,Total,326470
Rossendale,Aged 16 - 64,Female,528109
Rossendale,Aged 16 - 64,Male,514563
Rossendale,Aged 16 - 64,Total,1042672
Rossendale,Aged 65 and over,Female,151082
Rossendale,Aged 65 and over,Male,125268
Rossendale,Aged 65 and over,Total,276350
South Ribble,Aged 0 - 15,Female,234268
South Ribble,Aged 0 - 15,Male,245475
South Ribble,Aged 0 - 15,Total,479743
South Ribble,Aged 16 - 64,Female,829491
South Ribble,Aged 16 - 64,Male,810946
South Ribble,Aged 16 - 64,Total,1640437
South Ribble,Aged 65 and over,Female,272335
South Ribble,Aged 65 and over,Male,223216
South Ribble,Aged 65 and over,Total,495551
West Lancashire,Aged 0 - 15,Female,234262
West Lancashire,Aged 0 - 15,Male,251102
West Lancashire,Aged 0 - 15,Total,485364
West Lancashire,Aged 16 - 64,Female,874485
West Lancashire,Aged 16 - 64,Male,823720
West Lancashire,Aged 16 - 64,Total,1698205
West Lancashire,Aged 65 and over,Female,291363
West Lancashire,Aged 65 and over,Male,238890
West Lancashire,Aged 65 and over,Total,530253
Wyre,Aged 0 - 15,Female,208561
Wyre,Aged 0 - 15,Male,222677
Wyre,Aged 0 - 15,Total,431238
Wyre,Aged 16 - 64,Female,775074
Wyre,Aged 16 - 64,Male,749358
Wyre,Aged 16 - 64,Total,1524432
Wyre,Aged 65 and over,Female,371104
Wyre,Aged 65 and over,Male,297905
Wyre,Aged 65 and over,Total,669009
