Local Authority,Time Range,Year,Month,Sum of Value
Blackburn with Darwen,Single Night,2020,June,16
Blackburn with Darwen,Single Night,2020,July,10
Blackburn with Darwen,Single Night,2020,August,13
Blackburn with Darwen,Single Night,2020,September,11
Blackburn with Darwen,Single Night,2020,October,21
Blackburn with Darwen,Single Night,2020,November,17
Blackburn with Darwen,Single Night,2020,December,2
Blackburn with Darwen,Single Night,2021,January,8
Blackburn with Darwen,Single Night,2021,February,7
Blackburn with Darwen,Single Night,2021,March,12
Blackburn with Darwen,Single Night,2021,April,10
Blackburn with Darwen,Single Night,2021,May,11
Blackburn with Darwen,Single Night,2021,June,11
Blackburn with Darwen,Single Night,2021,July,11
Blackburn with Darwen,Single Night,2021,August,13
Blackburn with Darwen,Single Night,2021,September,11
Blackburn with Darwen,Single Night,2021,October,11
Blackburn with Darwen,Single Night,2021,November,12
Blackburn with Darwen,Single Night,2021,December,7
Blackburn with Darwen,Single Night,2022,January,8
Blackburn with Darwen,Single Night,2022,February,7
Blackburn with Darwen,Single Night,2022,March,12
Blackburn with Darwen,Single Night,2022,April,12
Blackburn with Darwen,Single Night,2022,May,15
Blackburn with Darwen,Single Night,2022,June,13
Blackburn with Darwen,Single Night,2022,July,13
Blackburn with Darwen,Single Night,2022,August,13
Blackburn with Darwen,Single Night,2022,September,12
Blackburn with Darwen,Single Night,2022,October,9
Blackburn with Darwen,Single Night,2022,November,3
Blackburn with Darwen,Single Night,2022,December,0
Blackburn with Darwen,Single Night,2023,January,0
Blackburn with Darwen,Single Night,2023,February,2
Blackburn with Darwen,Single Night,2023,March,6
Blackburn with Darwen,Single Night,2023,April,3
Blackburn with Darwen,Long Term,2023,May,9
Blackburn with Darwen,Single Night,2023,May,7
Blackburn with Darwen,Long Term,2023,June,11
Blackburn with Darwen,Single Night,2023,June,9
Blackburn with Darwen,Long Term,2023,July,7
Blackburn with Darwen,Single Night,2023,July,6
Blackburn with Darwen,Long Term,2023,August,13
Blackburn with Darwen,Single Night,2023,August,7
Blackburn with Darwen,Long Term,2023,September,19
Blackburn with Darwen,Single Night,2023,September,4
Blackburn with Darwen,Long Term,2023,October,7
Blackburn with Darwen,Single Night,2023,October,6
Blackburn with Darwen,Long Term,2023,November,11
Blackburn with Darwen,Single Night,2023,November,5
Blackburn with Darwen,Long Term,2023,December,8
Blackburn with Darwen,Single Night,2023,December,5
Blackburn with Darwen,Long Term,2024,January,9
Blackburn with Darwen,Single Night,2024,January,11
Blackburn with Darwen,Long Term,2024,February,9
Blackburn with Darwen,Single Night,2024,February,6
Blackburn with Darwen,Long Term,2024,March,7
Blackburn with Darwen,Single Night,2024,March,11
Blackburn with Darwen,Long Term,2024,April,6
Blackburn with Darwen,Single Night,2024,April,12
Blackburn with Darwen,Long Term,2024,May,9
Blackburn with Darwen,Single Night,2024,May,10
Blackburn with Darwen,Long Term,2024,June,9
Blackburn with Darwen,Single Night,2024,June,11
Blackburn with Darwen,Long Term,2024,July,8
Blackburn with Darwen,Single Night,2024,July,12
Blackburn with Darwen,Long Term,2024,August,12
Blackburn with Darwen,Single Night,2024,August,13
Blackburn with Darwen,Long Term,2024,September,10
Blackburn with Darwen,Single Night,2024,September,13
Blackburn with Darwen,Long Term,2024,October,9
Blackburn with Darwen,Single Night,2024,October,11
Blackburn with Darwen,Long Term,2024,November,15
Blackburn with Darwen,Single Night,2024,November,8
Blackburn with Darwen,Long Term,2024,December,14
Blackburn with Darwen,Single Night,2024,December,6
Blackburn with Darwen,Long Term,2025,January,11
Blackburn with Darwen,Single Night,2025,January,4
Blackburn with Darwen,Long Term,2025,February,6
Blackburn with Darwen,Single Night,2025,February,6
Blackburn with Darwen,Long Term,2025,March,13
Blackburn with Darwen,Single Night,2025,March,9
Blackburn with Darwen,Long Term,2025,April,13
Blackburn with Darwen,Single Night,2025,April,8
Blackburn with Darwen,Long Term,2025,May,13
Blackburn with Darwen,Single Night,2025,May,19
Blackburn with Darwen,Long Term,2025,June,14
Blackburn with Darwen,Single Night,2025,June,13
Blackburn with Darwen,Long Term,2025,July,17
Blackburn with Darwen,Single Night,2025,July,8
Blackburn with Darwen,Long Term,2025,August,12
Blackburn with Darwen,Single Night,2025,August,14
Blackburn with Darwen,Long Term,2025,September,20
Blackburn with Darwen,Single Night,2025,September,13
Blackburn with Darwen,Long Term,2025,October,19
Blackburn with Darwen,Single Night,2025,October,12
Blackburn with Darwen,Long Term,2025,November,17
Blackburn with Darwen,Single Night,2025,November,11
Blackburn with Darwen,Long Term,2025,December,14
Blackburn with Darwen,Single Night,2025,December,7
Blackburn with Darwen,Long Term,2026,January,14
Blackburn with Darwen,Single Night,2026,January,6
Blackburn with Darwen,Long Term,2026,February,15
Blackburn with Darwen,Single Night,2026,February,6
Blackburn with Darwen,Long Term,2026,March,18
Blackburn with Darwen,Single Night,2026,March,6
Blackpool,Single Night,2020,June,3
Blackpool,Single Night,2020,July,3
Blackpool,Single Night,2020,August,3
Blackpool,Single Night,2020,September,6
Blackpool,Single Night,2020,October,8
Blackpool,Single Night,2020,November,10
Blackpool,Single Night,2020,December,1
Blackpool,Single Night,2021,January,3
Blackpool,Single Night,2021,February,4
Blackpool,Single Night,2021,March,6
Blackpool,Single Night,2021,April,6
Blackpool,Single Night,2021,May,6
Blackpool,Single Night,2021,June,4
Blackpool,Single Night,2021,July,4
Blackpool,Single Night,2021,August,6
Blackpool,Single Night,2021,September,10
Blackpool,Single Night,2021,October,8
Blackpool,Single Night,2021,November,14
Blackpool,Single Night,2021,December,5
Blackpool,Single Night,2022,January,4
Blackpool,Single Night,2022,February,4
Blackpool,Single Night,2022,March,4
Blackpool,Single Night,2022,April,5
Blackpool,Single Night,2022,May,7
Blackpool,Single Night,2022,June,6
Blackpool,Single Night,2022,July,7
Blackpool,Single Night,2022,August,5
Blackpool,Single Night,2022,September,3
Blackpool,Single Night,2022,October,4
Blackpool,Single Night,2022,November,7
Blackpool,Single Night,2022,December,6
Blackpool,Single Night,2023,January,3
Blackpool,Single Night,2023,February,4
Blackpool,Single Night,2023,March,4
Blackpool,Single Night,2023,April,3
Blackpool,Long Term,2023,May,3
Blackpool,Single Night,2023,May,7
Blackpool,Long Term,2023,June,5
Blackpool,Single Night,2023,June,8
Blackpool,Long Term,2023,July,5
Blackpool,Single Night,2023,July,7
Blackpool,Long Term,2023,August,7
Blackpool,Single Night,2023,August,9
Blackpool,Long Term,2023,September,8
Blackpool,Single Night,2023,September,10
Blackpool,Long Term,2023,October,16
Blackpool,Single Night,2023,October,14
Blackpool,Long Term,2023,November,17
Blackpool,Single Night,2023,November,21
Blackpool,Long Term,2023,December,11
Blackpool,Single Night,2023,December,10
Blackpool,Long Term,2024,January,8
Blackpool,Single Night,2024,January,4
Blackpool,Long Term,2024,February,7
Blackpool,Single Night,2024,February,5
Blackpool,Long Term,2024,March,7
Blackpool,Single Night,2024,March,4
Blackpool,Long Term,2024,April,5
Blackpool,Single Night,2024,April,7
Blackpool,Long Term,2024,May,9
Blackpool,Single Night,2024,May,5
Blackpool,Long Term,2024,June,6
Blackpool,Single Night,2024,June,5
Blackpool,Long Term,2024,July,8
Blackpool,Single Night,2024,July,6
Blackpool,Long Term,2024,August,4
Blackpool,Single Night,2024,August,6
Blackpool,Long Term,2024,September,11
Blackpool,Single Night,2024,September,7
Blackpool,Long Term,2024,October,7
Blackpool,Single Night,2024,October,7
Blackpool,Long Term,2024,November,9
Blackpool,Single Night,2024,November,15
Blackpool,Long Term,2024,December,5
Blackpool,Single Night,2024,December,7
Blackpool,Long Term,2025,January,4
Blackpool,Single Night,2025,January,7
Blackpool,Long Term,2025,February,5
Blackpool,Single Night,2025,February,5
Blackpool,Long Term,2025,March,8
Blackpool,Single Night,2025,March,9
Blackpool,Long Term,2025,April,9
Blackpool,Single Night,2025,April,11
Blackpool,Long Term,2025,May,7
Blackpool,Single Night,2025,May,10
Blackpool,Long Term,2025,June,5
Blackpool,Single Night,2025,June,11
Blackpool,Long Term,2025,July,8
Blackpool,Single Night,2025,July,14
Blackpool,Long Term,2025,August,6
Blackpool,Single Night,2025,August,9
Blackpool,Long Term,2025,September,7
Blackpool,Single Night,2025,September,9
Blackpool,Long Term,2025,October,7
Blackpool,Single Night,2025,October,11
Blackpool,Long Term,2025,November,7
Blackpool,Single Night,2025,November,13
Blackpool,Long Term,2025,December,6
Blackpool,Single Night,2025,December,8
Blackpool,Long Term,2026,January,12
Blackpool,Single Night,2026,January,20
Blackpool,Long Term,2026,February,9
Blackpool,Single Night,2026,February,15
Blackpool,Long Term,2026,March,10
Blackpool,Single Night,2026,March,13
Burnley,Single Night,2020,June,0
Burnley,Single Night,2020,July,1
Burnley,Single Night,2020,August,2
Burnley,Single Night,2020,September,1
Burnley,Single Night,2020,October,1
Burnley,Single Night,2020,November,3
Burnley,Single Night,2020,December,1
Burnley,Single Night,2021,January,0
Burnley,Single Night,2021,February,0
Burnley,Single Night,2021,March,2
Burnley,Single Night,2021,April,0
Burnley,Single Night,2021,May,1
Burnley,Single Night,2021,June,0
Burnley,Single Night,2021,July,3
Burnley,Single Night,2021,August,0
Burnley,Single Night,2021,September,1
Burnley,Single Night,2021,October,6
Burnley,Single Night,2021,November,2
Burnley,Single Night,2021,December,2
Burnley,Single Night,2022,January,2
Burnley,Single Night,2022,February,2
Burnley,Single Night,2022,March,3
Burnley,Single Night,2022,April,5
Burnley,Single Night,2022,May,7
Burnley,Single Night,2022,June,3
Burnley,Single Night,2022,July,4
Burnley,Single Night,2022,August,3
Burnley,Single Night,2022,September,3
Burnley,Single Night,2022,October,4
Burnley,Single Night,2022,November,5
Burnley,Single Night,2022,December,3
Burnley,Single Night,2023,January,3
Burnley,Single Night,2023,February,0
Burnley,Single Night,2023,March,3
Burnley,Single Night,2023,April,3
Burnley,Long Term,2023,May,4
Burnley,Single Night,2023,May,1
Burnley,Long Term,2023,June,4
Burnley,Single Night,2023,June,4
Burnley,Long Term,2023,July,5
Burnley,Single Night,2023,July,4
Burnley,Long Term,2023,August,4
Burnley,Single Night,2023,August,3
Burnley,Long Term,2023,September,4
Burnley,Single Night,2023,September,2
Burnley,Long Term,2023,October,11
Burnley,Single Night,2023,October,7
Burnley,Long Term,2023,November,12
Burnley,Single Night,2023,November,4
Burnley,Long Term,2023,December,9
Burnley,Single Night,2023,December,2
Burnley,Long Term,2024,January,9
Burnley,Single Night,2024,January,2
Burnley,Long Term,2024,February,10
Burnley,Single Night,2024,February,0
Burnley,Long Term,2024,March,12
Burnley,Single Night,2024,March,5
Burnley,Long Term,2024,April,14
Burnley,Single Night,2024,April,5
Burnley,Long Term,2024,May,13
Burnley,Single Night,2024,May,6
Burnley,Long Term,2024,June,0
Burnley,Single Night,2024,June,1
Burnley,Long Term,2024,July,0
Burnley,Single Night,2024,July,3
Burnley,Long Term,2024,August,6
Burnley,Single Night,2024,August,2
Burnley,Long Term,2024,September,8
Burnley,Single Night,2024,September,1
Burnley,Long Term,2024,October,10
Burnley,Single Night,2024,October,1
Burnley,Long Term,2024,November,10
Burnley,Single Night,2024,November,3
Burnley,Long Term,2024,December,7
Burnley,Single Night,2024,December,6
Burnley,Long Term,2025,January,10
Burnley,Single Night,2025,January,2
Burnley,Long Term,2025,February,4
Burnley,Single Night,2025,February,6
Burnley,Long Term,2025,March,8
Burnley,Single Night,2025,March,2
Burnley,Long Term,2025,April,9
Burnley,Single Night,2025,April,4
Burnley,Long Term,2025,May,11
Burnley,Single Night,2025,May,2
Burnley,Long Term,2025,June,14
Burnley,Single Night,2025,June,2
Burnley,Long Term,2025,July,11
Burnley,Single Night,2025,July,8
Burnley,Long Term,2025,August,11
Burnley,Single Night,2025,August,8
Burnley,Long Term,2025,September,13
Burnley,Single Night,2025,September,9
Burnley,Long Term,2025,October,16
Burnley,Single Night,2025,October,6
Burnley,Long Term,2025,November,12
Burnley,Single Night,2025,November,2
Burnley,Long Term,2025,December,6
Burnley,Single Night,2025,December,3
Burnley,Long Term,2026,January,3
Burnley,Single Night,2026,January,6
Burnley,Long Term,2026,February,5
Burnley,Single Night,2026,February,4
Burnley,Long Term,2026,March,9
Burnley,Single Night,2026,March,11
Chorley,Single Night,2020,June,4
Chorley,Single Night,2020,July,4
Chorley,Single Night,2020,August,4
Chorley,Single Night,2020,September,4
Chorley,Single Night,2020,October,1
Chorley,Single Night,2020,November,1
Chorley,Single Night,2020,December,1
Chorley,Single Night,2021,January,1
Chorley,Single Night,2021,February,1
Chorley,Single Night,2021,March,1
Chorley,Single Night,2021,April,3
Chorley,Single Night,2021,May,3
Chorley,Single Night,2021,June,2
Chorley,Single Night,2021,July,2
Chorley,Single Night,2021,August,2
Chorley,Single Night,2021,September,3
Chorley,Single Night,2021,October,2
Chorley,Single Night,2021,November,2
Chorley,Single Night,2021,December,2
Chorley,Single Night,2022,January,2
Chorley,Single Night,2022,February,3
Chorley,Single Night,2022,March,3
Chorley,Single Night,2022,April,3
Chorley,Single Night,2022,May,0
Chorley,Single Night,2022,June,1
Chorley,Single Night,2022,July,2
Chorley,Single Night,2022,August,2
Chorley,Single Night,2022,September,3
Chorley,Single Night,2022,October,6
Chorley,Single Night,2022,November,3
Chorley,Single Night,2022,December,3
Chorley,Single Night,2023,January,3
Chorley,Single Night,2023,February,3
Chorley,Single Night,2023,March,3
Chorley,Single Night,2023,April,2
Chorley,Single Night,2023,May,2
Chorley,Long Term,2023,June,1
Chorley,Single Night,2023,June,1
Chorley,Long Term,2023,July,1
Chorley,Single Night,2023,July,1
Chorley,Long Term,2023,August,0
Chorley,Single Night,2023,August,1
Chorley,Long Term,2023,September,0
Chorley,Single Night,2023,September,2
Chorley,Long Term,2023,October,1
Chorley,Single Night,2023,October,2
Chorley,Long Term,2023,November,0
Chorley,Single Night,2023,November,2
Chorley,Long Term,2023,December,1
Chorley,Single Night,2023,December,0
Chorley,Long Term,2024,January,0
Chorley,Single Night,2024,January,1
Chorley,Long Term,2024,February,0
Chorley,Single Night,2024,February,1
Chorley,Long Term,2024,March,0
Chorley,Single Night,2024,March,0
Chorley,Long Term,2024,April,0
Chorley,Single Night,2024,April,0
Chorley,Long Term,2024,May,0
Chorley,Single Night,2024,May,0
Chorley,Long Term,2024,June,0
Chorley,Single Night,2024,June,1
Chorley,Long Term,2024,July,0
Chorley,Single Night,2024,July,2
Chorley,Long Term,2024,August,2
Chorley,Single Night,2024,August,2
Chorley,Long Term,2024,September,2
Chorley,Single Night,2024,September,2
Chorley,Long Term,2024,October,0
Chorley,Single Night,2024,October,0
Chorley,Long Term,2024,November,0
Chorley,Single Night,2024,November,1
Chorley,Long Term,2024,December,0
Chorley,Single Night,2024,December,0
Chorley,Long Term,2025,January,0
Chorley,Single Night,2025,January,0
Chorley,Long Term,2025,February,0
Chorley,Single Night,2025,February,0
Chorley,Long Term,2025,March,0
Chorley,Single Night,2025,March,0
Chorley,Long Term,2025,April,0
Chorley,Single Night,2025,April,1
Chorley,Long Term,2025,May,0
Chorley,Single Night,2025,May,0
Chorley,Long Term,2025,June,0
Chorley,Single Night,2025,June,0
Chorley,Long Term,2025,July,0
Chorley,Single Night,2025,July,0
Chorley,Long Term,2025,August,0
Chorley,Single Night,2025,August,0
Chorley,Long Term,2025,September,0
Chorley,Single Night,2025,September,2
Chorley,Long Term,2025,October,0
Chorley,Single Night,2025,October,0
Chorley,Long Term,2025,November,0
Chorley,Single Night,2025,November,0
Chorley,Long Term,2025,December,0
Chorley,Single Night,2025,December,1
Chorley,Long Term,2026,January,0
Chorley,Single Night,2026,January,1
Chorley,Long Term,2026,February,0
Chorley,Single Night,2026,February,1
Chorley,Long Term,2026,March,0
Chorley,Single Night,2026,March,0
Fylde,Single Night,2020,June,0
Fylde,Single Night,2020,July,0
Fylde,Single Night,2020,August,2
Fylde,Single Night,2020,September,0
Fylde,Single Night,2020,October,0
Fylde,Single Night,2020,November,5
Fylde,Single Night,2020,December,6
Fylde,Single Night,2021,January,2
Fylde,Single Night,2021,February,2
Fylde,Single Night,2021,March,1
Fylde,Single Night,2021,April,1
Fylde,Single Night,2021,May,1
Fylde,Single Night,2021,June,4
Fylde,Single Night,2021,July,3
Fylde,Single Night,2021,August,6
Fylde,Single Night,2021,September,3
Fylde,Single Night,2021,October,2
Fylde,Single Night,2021,November,2
Fylde,Single Night,2021,December,2
Fylde,Single Night,2022,January,3
Fylde,Single Night,2022,February,1
Fylde,Single Night,2022,March,2
Fylde,Single Night,2022,April,1
Fylde,Single Night,2022,May,3
Fylde,Single Night,2022,June,4
Fylde,Single Night,2022,July,2
Fylde,Single Night,2022,August,3
Fylde,Single Night,2022,September,5
Fylde,Single Night,2022,October,4
Fylde,Single Night,2022,November,4
Fylde,Single Night,2022,December,5
Fylde,Single Night,2023,January,5
Fylde,Single Night,2023,February,4
Fylde,Single Night,2023,March,2
Fylde,Single Night,2023,April,2
Fylde,Single Night,2023,May,2
Fylde,Long Term,2023,June,4
Fylde,Single Night,2023,June,7
Fylde,Long Term,2023,July,6
Fylde,Single Night,2023,July,5
Fylde,Long Term,2023,August,3
Fylde,Single Night,2023,August,13
Fylde,Long Term,2023,September,5
Fylde,Single Night,2023,September,11
Fylde,Long Term,2023,October,0
Fylde,Single Night,2023,October,8
Fylde,Long Term,2023,November,5
Fylde,Single Night,2023,November,5
Fylde,Long Term,2023,December,3
Fylde,Single Night,2023,December,5
Fylde,Long Term,2024,January,3
Fylde,Single Night,2024,January,6
Fylde,Long Term,2024,February,4
Fylde,Single Night,2024,February,8
Fylde,Long Term,2024,March,4
Fylde,Single Night,2024,March,5
Fylde,Long Term,2024,April,3
Fylde,Single Night,2024,April,8
Fylde,Long Term,2024,May,5
Fylde,Single Night,2024,May,5
Fylde,Long Term,2024,June,2
Fylde,Single Night,2024,June,11
Fylde,Long Term,2024,July,0
Fylde,Single Night,2024,July,9
Fylde,Long Term,2024,August,6
Fylde,Single Night,2024,August,8
Fylde,Long Term,2024,September,6
Fylde,Single Night,2024,September,6
Fylde,Long Term,2024,October,3
Fylde,Single Night,2024,October,7
Fylde,Long Term,2024,November,5
Fylde,Single Night,2024,November,9
Fylde,Long Term,2024,December,6
Fylde,Single Night,2024,December,6
Fylde,Long Term,2025,January,7
Fylde,Single Night,2025,January,7
Fylde,Long Term,2025,February,6
Fylde,Single Night,2025,February,6
Fylde,Long Term,2025,March,5
Fylde,Single Night,2025,March,7
Fylde,Long Term,2025,April,5
Fylde,Single Night,2025,April,5
Fylde,Long Term,2025,May,5
Fylde,Single Night,2025,May,5
Fylde,Long Term,2025,June,4
Fylde,Single Night,2025,June,5
Fylde,Long Term,2025,July,5
Fylde,Single Night,2025,July,5
Fylde,Long Term,2025,August,4
Fylde,Single Night,2025,August,4
Fylde,Long Term,2025,September,5
Fylde,Single Night,2025,September,7
Fylde,Long Term,2025,October,4
Fylde,Single Night,2025,October,5
Fylde,Long Term,2025,November,4
Fylde,Single Night,2025,November,7
Fylde,Long Term,2025,December,4
Fylde,Single Night,2025,December,5
Fylde,Long Term,2026,January,5
Fylde,Single Night,2026,January,6
Fylde,Long Term,2026,February,4
Fylde,Single Night,2026,February,4
Fylde,Long Term,2026,March,4
Fylde,Single Night,2026,March,5
Hyndburn,Single Night,2020,June,2
Hyndburn,Single Night,2020,July,4
Hyndburn,Single Night,2020,August,3
Hyndburn,Single Night,2020,September,3
Hyndburn,Single Night,2020,October,3
Hyndburn,Single Night,2020,November,4
Hyndburn,Single Night,2020,December,0
Hyndburn,Single Night,2021,January,1
Hyndburn,Single Night,2021,February,2
Hyndburn,Single Night,2021,March,2
Hyndburn,Single Night,2021,April,2
Hyndburn,Single Night,2021,May,5
Hyndburn,Single Night,2021,June,8
Hyndburn,Single Night,2021,July,6
Hyndburn,Single Night,2021,August,7
Hyndburn,Single Night,2021,September,3
Hyndburn,Single Night,2021,October,1
Hyndburn,Single Night,2021,November,3
Hyndburn,Single Night,2021,December,3
Hyndburn,Single Night,2022,January,3
Hyndburn,Single Night,2022,February,3
Hyndburn,Single Night,2022,March,3
Hyndburn,Single Night,2022,April,3
Hyndburn,Single Night,2022,May,3
Hyndburn,Single Night,2022,June,1
Hyndburn,Single Night,2022,July,2
Hyndburn,Single Night,2022,August,2
Hyndburn,Single Night,2022,September,2
Hyndburn,Single Night,2022,October,2
Hyndburn,Single Night,2022,November,1
Hyndburn,Single Night,2022,December,1
Hyndburn,Single Night,2023,January,2
Hyndburn,Single Night,2023,February,1
Hyndburn,Single Night,2023,March,1
Hyndburn,Single Night,2023,April,1
Hyndburn,Long Term,2023,May,0
Hyndburn,Single Night,2023,May,1
Hyndburn,Long Term,2023,June,1
Hyndburn,Single Night,2023,June,2
Hyndburn,Long Term,2023,July,0
Hyndburn,Single Night,2023,July,2
Hyndburn,Long Term,2023,August,0
Hyndburn,Single Night,2023,August,0
Hyndburn,Long Term,2023,September,1
Hyndburn,Single Night,2023,September,6
Hyndburn,Long Term,2023,October,3
Hyndburn,Single Night,2023,October,7
Hyndburn,Long Term,2023,November,1
Hyndburn,Single Night,2023,November,2
Hyndburn,Long Term,2023,December,4
Hyndburn,Single Night,2023,December,3
Hyndburn,Long Term,2024,January,1
Hyndburn,Single Night,2024,January,2
Hyndburn,Long Term,2024,February,1
Hyndburn,Single Night,2024,February,3
Hyndburn,Long Term,2024,March,1
Hyndburn,Single Night,2024,March,1
Hyndburn,Long Term,2024,April,4
Hyndburn,Single Night,2024,April,4
Hyndburn,Long Term,2024,May,1
Hyndburn,Single Night,2024,May,2
Hyndburn,Long Term,2024,June,2
Hyndburn,Single Night,2024,June,4
Hyndburn,Long Term,2024,July,0
Hyndburn,Single Night,2024,July,2
Hyndburn,Long Term,2024,August,1
Hyndburn,Single Night,2024,August,3
Hyndburn,Long Term,2024,September,2
Hyndburn,Single Night,2024,September,4
Hyndburn,Long Term,2024,October,2
Hyndburn,Single Night,2024,October,7
Hyndburn,Long Term,2024,November,0
Hyndburn,Single Night,2024,November,2
Hyndburn,Long Term,2024,December,1
Hyndburn,Single Night,2024,December,3
Hyndburn,Long Term,2025,January,1
Hyndburn,Single Night,2025,January,3
Hyndburn,Long Term,2025,February,3
Hyndburn,Single Night,2025,February,5
Hyndburn,Long Term,2025,March,0
Hyndburn,Single Night,2025,March,5
Hyndburn,Long Term,2025,April,0
Hyndburn,Single Night,2025,April,5
Hyndburn,Long Term,2025,May,3
Hyndburn,Single Night,2025,May,13
Hyndburn,Long Term,2025,June,10
Hyndburn,Single Night,2025,June,12
Hyndburn,Long Term,2025,July,3
Hyndburn,Single Night,2025,July,11
Hyndburn,Long Term,2025,August,0
Hyndburn,Single Night,2025,August,4
Hyndburn,Long Term,2025,September,2
Hyndburn,Single Night,2025,September,3
Hyndburn,Long Term,2025,October,2
Hyndburn,Single Night,2025,October,3
Hyndburn,Long Term,2025,November,1
Hyndburn,Single Night,2025,November,4
Hyndburn,Long Term,2025,December,5
Hyndburn,Single Night,2025,December,9
Hyndburn,Long Term,2026,January,3
Hyndburn,Single Night,2026,January,4
Hyndburn,Long Term,2026,February,3
Hyndburn,Single Night,2026,February,5
Hyndburn,Long Term,2026,March,3
Hyndburn,Single Night,2026,March,4
Lancaster,Single Night,2020,June,4
Lancaster,Single Night,2020,July,4
Lancaster,Single Night,2020,August,4
Lancaster,Single Night,2020,September,4
Lancaster,Single Night,2020,October,4
Lancaster,Single Night,2020,November,4
Lancaster,Single Night,2020,December,4
Lancaster,Single Night,2021,January,4
Lancaster,Single Night,2021,February,4
Lancaster,Single Night,2021,March,4
Lancaster,Single Night,2021,April,2
Lancaster,Single Night,2021,May,2
Lancaster,Single Night,2021,June,2
Lancaster,Single Night,2021,July,2
Lancaster,Single Night,2021,August,2
Lancaster,Single Night,2021,September,2
Lancaster,Single Night,2021,October,6
Lancaster,Single Night,2021,November,3
Lancaster,Single Night,2021,December,2
Lancaster,Single Night,2022,January,3
Lancaster,Single Night,2022,February,4
Lancaster,Single Night,2022,March,4
Lancaster,Single Night,2022,April,5
Lancaster,Single Night,2022,May,3
Lancaster,Single Night,2022,June,1
Lancaster,Single Night,2022,July,2
Lancaster,Single Night,2022,August,4
Lancaster,Single Night,2022,September,4
Lancaster,Single Night,2022,October,4
Lancaster,Single Night,2022,November,4
Lancaster,Single Night,2022,December,4
Lancaster,Single Night,2023,January,4
Lancaster,Single Night,2023,February,4
Lancaster,Single Night,2023,March,4
Lancaster,Single Night,2023,April,2
Lancaster,Long Term,2023,May,2
Lancaster,Single Night,2023,May,3
Lancaster,Long Term,2023,June,2
Lancaster,Single Night,2023,June,5
Lancaster,Long Term,2023,July,2
Lancaster,Single Night,2023,July,6
Lancaster,Long Term,2023,August,2
Lancaster,Single Night,2023,August,7
Lancaster,Long Term,2023,September,3
Lancaster,Single Night,2023,September,4
Lancaster,Long Term,2023,October,4
Lancaster,Single Night,2023,October,8
Lancaster,Long Term,2023,November,4
Lancaster,Single Night,2023,November,10
Lancaster,Long Term,2023,December,4
Lancaster,Single Night,2023,December,3
Lancaster,Long Term,2024,January,5
Lancaster,Single Night,2024,January,2
Lancaster,Long Term,2024,February,4
Lancaster,Single Night,2024,February,4
Lancaster,Long Term,2024,March,1
Lancaster,Single Night,2024,March,6
Lancaster,Long Term,2024,April,0
Lancaster,Single Night,2024,April,6
Lancaster,Long Term,2024,May,0
Lancaster,Single Night,2024,May,12
Lancaster,Long Term,2024,June,7
Lancaster,Single Night,2024,June,4
Lancaster,Long Term,2024,July,6
Lancaster,Single Night,2024,July,4
Lancaster,Long Term,2024,August,6
Lancaster,Single Night,2024,August,4
Lancaster,Long Term,2024,September,6
Lancaster,Single Night,2024,September,4
Lancaster,Long Term,2024,October,6
Lancaster,Single Night,2024,October,4
Lancaster,Long Term,2024,November,6
Lancaster,Single Night,2024,November,6
Lancaster,Long Term,2024,December,6
Lancaster,Single Night,2024,December,8
Lancaster,Long Term,2025,January,8
Lancaster,Single Night,2025,January,23
Lancaster,Long Term,2025,February,10
Lancaster,Single Night,2025,February,4
Lancaster,Long Term,2025,March,11
Lancaster,Single Night,2025,March,3
Lancaster,Long Term,2025,April,7
Lancaster,Single Night,2025,April,10
Lancaster,Long Term,2025,May,7
Lancaster,Single Night,2025,May,10
Lancaster,Long Term,2025,June,6
Lancaster,Single Night,2025,June,10
Lancaster,Long Term,2025,July,6
Lancaster,Single Night,2025,July,4
Lancaster,Long Term,2025,August,9
Lancaster,Single Night,2025,August,7
Lancaster,Long Term,2025,September,6
Lancaster,Single Night,2025,September,8
Lancaster,Long Term,2025,October,6
Lancaster,Single Night,2025,October,6
Lancaster,Long Term,2025,November,4
Lancaster,Single Night,2025,November,9
Lancaster,Long Term,2025,December,3
Lancaster,Single Night,2025,December,3
Lancaster,Long Term,2026,January,2
Lancaster,Single Night,2026,January,3
Lancaster,Long Term,2026,February,1
Lancaster,Single Night,2026,February,4
Lancaster,Long Term,2026,March,1
Lancaster,Single Night,2026,March,4
Pendle,Single Night,2020,June,1
Pendle,Single Night,2020,July,2
Pendle,Single Night,2020,August,1
Pendle,Single Night,2020,September,1
Pendle,Single Night,2020,October,1
Pendle,Single Night,2020,November,0
Pendle,Single Night,2020,December,0
Pendle,Single Night,2021,January,0
Pendle,Single Night,2021,February,0
Pendle,Single Night,2021,March,1
Pendle,Single Night,2021,April,0
Pendle,Single Night,2021,May,0
Pendle,Single Night,2021,June,0
Pendle,Single Night,2021,July,1
Pendle,Single Night,2021,August,0
Pendle,Single Night,2021,September,0
Pendle,Single Night,2021,October,0
Pendle,Single Night,2021,November,1
Pendle,Single Night,2021,December,0
Pendle,Single Night,2022,January,2
Pendle,Single Night,2022,February,0
Pendle,Single Night,2022,March,0
Pendle,Single Night,2022,April,0
Pendle,Single Night,2022,May,1
Pendle,Single Night,2022,June,0
Pendle,Single Night,2022,July,0
Pendle,Single Night,2022,August,5
Pendle,Single Night,2022,September,3
Pendle,Single Night,2022,October,0
Pendle,Single Night,2022,November,0
Pendle,Single Night,2022,December,0
Pendle,Single Night,2023,January,0
Pendle,Single Night,2023,February,0
Pendle,Single Night,2023,March,0
Pendle,Single Night,2023,April,0
Pendle,Long Term,2023,May,0
Pendle,Single Night,2023,May,0
Pendle,Long Term,2023,June,0
Pendle,Single Night,2023,June,0
Pendle,Long Term,2023,July,0
Pendle,Single Night,2023,July,0
Pendle,Long Term,2023,August,0
Pendle,Single Night,2023,August,0
Pendle,Long Term,2023,September,0
Pendle,Single Night,2023,September,1
Pendle,Long Term,2023,October,0
Pendle,Single Night,2023,October,5
Pendle,Long Term,2023,November,1
Pendle,Single Night,2023,November,2
Pendle,Long Term,2023,December,2
Pendle,Single Night,2023,December,3
Pendle,Long Term,2024,January,1
Pendle,Single Night,2024,January,2
Pendle,Long Term,2024,February,0
Pendle,Single Night,2024,February,2
Pendle,Long Term,2024,March,2
Pendle,Single Night,2024,March,3
Pendle,Long Term,2024,April,2
Pendle,Single Night,2024,April,3
Pendle,Long Term,2024,May,2
Pendle,Single Night,2024,May,2
Pendle,Long Term,2024,June,2
Pendle,Single Night,2024,June,2
Pendle,Long Term,2024,July,2
Pendle,Single Night,2024,July,2
Pendle,Long Term,2024,August,3
Pendle,Single Night,2024,August,3
Pendle,Long Term,2024,September,3
Pendle,Single Night,2024,September,1
Pendle,Long Term,2024,October,1
Pendle,Single Night,2024,October,4
Pendle,Long Term,2024,November,2
Pendle,Single Night,2024,November,4
Pendle,Long Term,2024,December,3
Pendle,Single Night,2024,December,3
Pendle,Long Term,2025,January,3
Pendle,Single Night,2025,January,2
Pendle,Long Term,2025,February,3
Pendle,Single Night,2025,February,3
Pendle,Long Term,2025,March,0
Pendle,Single Night,2025,March,4
Pendle,Long Term,2025,April,0
Pendle,Single Night,2025,April,4
Pendle,Long Term,2025,May,3
Pendle,Single Night,2025,May,3
Pendle,Long Term,2025,June,5
Pendle,Single Night,2025,June,4
Pendle,Long Term,2025,July,4
Pendle,Single Night,2025,July,4
Pendle,Long Term,2025,August,4
Pendle,Single Night,2025,August,4
Pendle,Long Term,2025,September,1
Pendle,Single Night,2025,September,1
Pendle,Long Term,2025,October,2
Pendle,Single Night,2025,October,6
Pendle,Long Term,2025,November,5
Pendle,Single Night,2025,November,5
Pendle,Long Term,2025,December,4
Pendle,Single Night,2025,December,4
Pendle,Long Term,2026,January,1
Pendle,Single Night,2026,January,0
Pendle,Long Term,2026,February,1
Pendle,Single Night,2026,February,3
Pendle,Long Term,2026,March,0
Pendle,Single Night,2026,March,2
Preston,Single Night,2020,June,21
Preston,Single Night,2020,July,11
Preston,Single Night,2020,August,22
Preston,Single Night,2020,September,16
Preston,Single Night,2020,October,15
Preston,Single Night,2020,November,13
Preston,Single Night,2020,December,14
Preston,Single Night,2021,January,7
Preston,Single Night,2021,February,8
Preston,Single Night,2021,March,9
Preston,Single Night,2021,April,14
Preston,Single Night,2021,May,5
Preston,Single Night,2021,June,8
Preston,Single Night,2021,July,10
Preston,Single Night,2021,August,10
Preston,Single Night,2021,September,11
Preston,Single Night,2021,October,10
Preston,Single Night,2021,November,12
Preston,Single Night,2021,December,12
Preston,Single Night,2022,January,14
Preston,Single Night,2022,February,13
Preston,Single Night,2022,March,11
Preston,Single Night,2022,April,14
Preston,Single Night,2022,May,10
Preston,Single Night,2022,June,10
Preston,Single Night,2022,July,6
Preston,Single Night,2022,August,4
Preston,Single Night,2022,September,15
Preston,Single Night,2022,October,14
Preston,Single Night,2022,November,13
Preston,Single Night,2022,December,12
Preston,Single Night,2023,January,14
Preston,Single Night,2023,February,17
Preston,Single Night,2023,March,15
Preston,Single Night,2023,April,16
Preston,Long Term,2023,May,35
Preston,Single Night,2023,May,14
Preston,Long Term,2023,June,29
Preston,Single Night,2023,June,14
Preston,Long Term,2023,July,20
Preston,Single Night,2023,July,8
Preston,Long Term,2023,August,43
Preston,Single Night,2023,August,13
Preston,Long Term,2023,September,25
Preston,Single Night,2023,September,17
Preston,Long Term,2023,October,31
Preston,Single Night,2023,October,25
Preston,Long Term,2023,November,31
Preston,Single Night,2023,November,27
Preston,Long Term,2023,December,33
Preston,Single Night,2023,December,23
Preston,Long Term,2024,January,25
Preston,Single Night,2024,January,16
Preston,Long Term,2024,February,21
Preston,Single Night,2024,February,12
Preston,Long Term,2024,March,32
Preston,Single Night,2024,March,9
Preston,Long Term,2024,April,26
Preston,Single Night,2024,April,17
Preston,Long Term,2024,May,17
Preston,Single Night,2024,May,21
Preston,Long Term,2024,June,25
Preston,Single Night,2024,June,22
Preston,Long Term,2024,July,22
Preston,Single Night,2024,July,17
Preston,Long Term,2024,August,19
Preston,Single Night,2024,August,13
Preston,Long Term,2024,September,25
Preston,Single Night,2024,September,9
Preston,Long Term,2024,October,1
Preston,Single Night,2024,October,9
Preston,Long Term,2024,November,29
Preston,Single Night,2024,November,15
Preston,Long Term,2024,December,28
Preston,Single Night,2024,December,16
Preston,Long Term,2025,January,25
Preston,Single Night,2025,January,9
Preston,Long Term,2025,February,20
Preston,Single Night,2025,February,6
Preston,Long Term,2025,March,23
Preston,Single Night,2025,March,10
Preston,Long Term,2025,April,18
Preston,Single Night,2025,April,11
Preston,Long Term,2025,May,24
Preston,Single Night,2025,May,19
Preston,Long Term,2025,June,24
Preston,Single Night,2025,June,16
Preston,Long Term,2025,July,22
Preston,Single Night,2025,July,9
Preston,Long Term,2025,August,1
Preston,Single Night,2025,August,15
Preston,Long Term,2025,September,16
Preston,Single Night,2025,September,7
Preston,Long Term,2025,October,20
Preston,Single Night,2025,October,6
Preston,Long Term,2025,November,13
Preston,Single Night,2025,November,9
Preston,Long Term,2025,December,17
Preston,Single Night,2025,December,11
Preston,Long Term,2026,January,13
Preston,Single Night,2026,January,7
Preston,Long Term,2026,February,11
Preston,Single Night,2026,February,1
Preston,Long Term,2026,March,16
Preston,Single Night,2026,March,8
Ribble Valley,Single Night,2020,June,1
Ribble Valley,Single Night,2020,July,0
Ribble Valley,Single Night,2020,August,0
Ribble Valley,Single Night,2020,September,0
Ribble Valley,Single Night,2020,October,0
Ribble Valley,Single Night,2020,November,0
Ribble Valley,Single Night,2020,December,0
Ribble Valley,Single Night,2021,January,0
Ribble Valley,Single Night,2021,February,0
Ribble Valley,Single Night,2021,March,0
Ribble Valley,Single Night,2021,April,1
Ribble Valley,Single Night,2021,May,1
Ribble Valley,Single Night,2021,June,1
Ribble Valley,Single Night,2021,July,1
Ribble Valley,Single Night,2021,August,0
Ribble Valley,Single Night,2021,September,0
Ribble Valley,Single Night,2021,October,0
Ribble Valley,Single Night,2021,November,0
Ribble Valley,Single Night,2021,December,1
Ribble Valley,Single Night,2022,January,1
Ribble Valley,Single Night,2022,February,1
Ribble Valley,Single Night,2022,March,1
Ribble Valley,Single Night,2022,April,1
Ribble Valley,Single Night,2022,May,0
Ribble Valley,Single Night,2022,June,0
Ribble Valley,Single Night,2022,July,0
Ribble Valley,Single Night,2022,August,0
Ribble Valley,Single Night,2022,September,0
Ribble Valley,Single Night,2022,October,0
Ribble Valley,Single Night,2022,November,0
Ribble Valley,Single Night,2022,December,0
Ribble Valley,Single Night,2023,January,0
Ribble Valley,Single Night,2023,February,1
Ribble Valley,Single Night,2023,March,0
Ribble Valley,Single Night,2023,April,0
Ribble Valley,Single Night,2023,May,0
Ribble Valley,Long Term,2023,June,0
Ribble Valley,Single Night,2023,June,1
Ribble Valley,Long Term,2023,July,0
Ribble Valley,Single Night,2023,July,1
Ribble Valley,Long Term,2023,August,0
Ribble Valley,Single Night,2023,August,0
Ribble Valley,Long Term,2023,September,0
Ribble Valley,Single Night,2023,September,0
Ribble Valley,Long Term,2023,October,1
Ribble Valley,Single Night,2023,October,1
Ribble Valley,Long Term,2023,November,1
Ribble Valley,Single Night,2023,November,1
Ribble Valley,Long Term,2023,December,0
Ribble Valley,Single Night,2023,December,0
Ribble Valley,Long Term,2024,January,0
Ribble Valley,Single Night,2024,January,0
Ribble Valley,Long Term,2024,February,0
Ribble Valley,Single Night,2024,February,0
Ribble Valley,Long Term,2024,March,0
Ribble Valley,Single Night,2024,March,0
Ribble Valley,Long Term,2024,April,0
Ribble Valley,Single Night,2024,April,0
Ribble Valley,Long Term,2024,May,0
Ribble Valley,Single Night,2024,May,1
Ribble Valley,Long Term,2024,June,0
Ribble Valley,Single Night,2024,June,1
Ribble Valley,Long Term,2024,July,0
Ribble Valley,Single Night,2024,July,0
Ribble Valley,Long Term,2024,August,0
Ribble Valley,Single Night,2024,August,1
Ribble Valley,Long Term,2024,September,0
Ribble Valley,Single Night,2024,September,1
Ribble Valley,Long Term,2024,October,0
Ribble Valley,Single Night,2024,October,1
Ribble Valley,Long Term,2024,November,0
Ribble Valley,Single Night,2024,November,1
Ribble Valley,Long Term,2024,December,0
Ribble Valley,Single Night,2024,December,0
Ribble Valley,Long Term,2025,January,0
Ribble Valley,Single Night,2025,January,0
Ribble Valley,Long Term,2025,February,0
Ribble Valley,Single Night,2025,February,0
Ribble Valley,Long Term,2025,March,0
Ribble Valley,Single Night,2025,March,0
Ribble Valley,Long Term,2025,April,0
Ribble Valley,Single Night,2025,April,0
Ribble Valley,Long Term,2025,May,0
Ribble Valley,Single Night,2025,May,0
Ribble Valley,Long Term,2025,June,0
Ribble Valley,Single Night,2025,June,0
Ribble Valley,Long Term,2025,July,1
Ribble Valley,Single Night,2025,July,1
Ribble Valley,Long Term,2025,August,0
Ribble Valley,Single Night,2025,August,1
Ribble Valley,Long Term,2025,September,0
Ribble Valley,Single Night,2025,September,2
Ribble Valley,Long Term,2025,October,2
Ribble Valley,Single Night,2025,October,3
Ribble Valley,Long Term,2025,November,2
Ribble Valley,Single Night,2025,November,3
Ribble Valley,Long Term,2025,December,1
Ribble Valley,Single Night,2025,December,1
Ribble Valley,Long Term,2026,January,2
Ribble Valley,Single Night,2026,January,3
Ribble Valley,Long Term,2026,February,0
Ribble Valley,Single Night,2026,February,3
Ribble Valley,Long Term,2026,March,0
Ribble Valley,Single Night,2026,March,3
Rossendale,Single Night,2020,June,1
Rossendale,Single Night,2020,July,1
Rossendale,Single Night,2020,August,1
Rossendale,Single Night,2020,September,1
Rossendale,Single Night,2020,October,0
Rossendale,Single Night,2020,November,0
Rossendale,Single Night,2020,December,0
Rossendale,Single Night,2021,January,0
Rossendale,Single Night,2021,February,0
Rossendale,Single Night,2021,March,0
Rossendale,Single Night,2021,April,0
Rossendale,Single Night,2021,May,0
Rossendale,Single Night,2021,June,0
Rossendale,Single Night,2021,July,0
Rossendale,Single Night,2021,August,0
Rossendale,Single Night,2021,September,0
Rossendale,Single Night,2021,October,0
Rossendale,Single Night,2021,November,2
Rossendale,Single Night,2021,December,1
Rossendale,Single Night,2022,January,1
Rossendale,Single Night,2022,February,2
Rossendale,Single Night,2022,March,1
Rossendale,Single Night,2022,April,1
Rossendale,Single Night,2022,May,2
Rossendale,Single Night,2022,June,3
Rossendale,Single Night,2022,July,2
Rossendale,Single Night,2022,August,2
Rossendale,Single Night,2022,September,2
Rossendale,Single Night,2022,October,2
Rossendale,Single Night,2022,November,2
Rossendale,Single Night,2022,December,5
Rossendale,Single Night,2023,January,2
Rossendale,Single Night,2023,February,1
Rossendale,Single Night,2023,March,0
Rossendale,Single Night,2023,April,1
Rossendale,Long Term,2023,May,1
Rossendale,Single Night,2023,May,2
Rossendale,Long Term,2023,June,1
Rossendale,Single Night,2023,June,1
Rossendale,Long Term,2023,July,1
Rossendale,Single Night,2023,July,1
Rossendale,Long Term,2023,August,1
Rossendale,Single Night,2023,August,3
Rossendale,Long Term,2023,September,2
Rossendale,Single Night,2023,September,3
Rossendale,Long Term,2023,October,0
Rossendale,Single Night,2023,October,0
Rossendale,Long Term,2023,November,0
Rossendale,Single Night,2023,November,0
Rossendale,Long Term,2023,December,0
Rossendale,Single Night,2023,December,0
Rossendale,Long Term,2024,January,0
Rossendale,Single Night,2024,January,3
Rossendale,Long Term,2024,February,0
Rossendale,Single Night,2024,February,3
Rossendale,Long Term,2024,March,1
Rossendale,Single Night,2024,March,1
Rossendale,Long Term,2024,April,0
Rossendale,Single Night,2024,April,0
Rossendale,Long Term,2024,May,0
Rossendale,Single Night,2024,May,0
Rossendale,Long Term,2024,June,0
Rossendale,Single Night,2024,June,0
Rossendale,Long Term,2024,July,0
Rossendale,Single Night,2024,July,0
Rossendale,Long Term,2024,August,1
Rossendale,Single Night,2024,August,0
Rossendale,Long Term,2024,September,0
Rossendale,Single Night,2024,September,0
Rossendale,Long Term,2024,October,0
Rossendale,Single Night,2024,October,2
Rossendale,Long Term,2024,November,0
Rossendale,Single Night,2024,November,0
Rossendale,Long Term,2024,December,0
Rossendale,Single Night,2024,December,3
Rossendale,Long Term,2025,January,0
Rossendale,Single Night,2025,January,4
Rossendale,Long Term,2025,February,1
Rossendale,Single Night,2025,February,1
Rossendale,Long Term,2025,March,0
Rossendale,Single Night,2025,March,1
Rossendale,Long Term,2025,April,1
Rossendale,Single Night,2025,April,0
Rossendale,Long Term,2025,May,1
Rossendale,Single Night,2025,May,3
Rossendale,Long Term,2025,June,1
Rossendale,Single Night,2025,June,5
Rossendale,Long Term,2025,July,0
Rossendale,Single Night,2025,July,0
Rossendale,Long Term,2025,August,0
Rossendale,Single Night,2025,August,0
Rossendale,Long Term,2025,September,0
Rossendale,Single Night,2025,September,1
Rossendale,Long Term,2025,October,0
Rossendale,Single Night,2025,October,0
Rossendale,Long Term,2025,November,0
Rossendale,Single Night,2025,November,0
Rossendale,Long Term,2025,December,0
Rossendale,Single Night,2025,December,0
Rossendale,Long Term,2026,January,0
Rossendale,Single Night,2026,January,2
Rossendale,Long Term,2026,February,0
Rossendale,Single Night,2026,February,1
Rossendale,Long Term,2026,March,0
Rossendale,Single Night,2026,March,0
South Ribble,Single Night,2020,June,3
South Ribble,Single Night,2020,July,3
South Ribble,Single Night,2020,August,2
South Ribble,Single Night,2020,September,0
South Ribble,Single Night,2020,October,0
South Ribble,Single Night,2020,November,2
South Ribble,Single Night,2020,December,0
South Ribble,Single Night,2021,January,0
South Ribble,Single Night,2021,February,0
South Ribble,Single Night,2021,March,0
South Ribble,Single Night,2021,April,0
South Ribble,Single Night,2021,May,0
South Ribble,Single Night,2021,June,1
South Ribble,Single Night,2021,July,0
South Ribble,Single Night,2021,August,1
South Ribble,Single Night,2021,September,2
South Ribble,Single Night,2021,October,0
South Ribble,Single Night,2021,November,0
South Ribble,Single Night,2021,December,1
South Ribble,Single Night,2022,January,0
South Ribble,Single Night,2022,February,0
South Ribble,Single Night,2022,March,0
South Ribble,Single Night,2022,April,0
South Ribble,Single Night,2022,May,1
South Ribble,Single Night,2022,June,1
South Ribble,Single Night,2022,July,1
South Ribble,Single Night,2022,August,1
South Ribble,Single Night,2022,September,2
South Ribble,Single Night,2022,October,2
South Ribble,Single Night,2022,November,1
South Ribble,Single Night,2022,December,1
South Ribble,Single Night,2023,January,2
South Ribble,Single Night,2023,February,0
South Ribble,Single Night,2023,March,0
South Ribble,Single Night,2023,April,1
South Ribble,Long Term,2023,May,0
South Ribble,Single Night,2023,May,0
South Ribble,Long Term,2023,June,0
South Ribble,Single Night,2023,June,0
South Ribble,Long Term,2023,July,0
South Ribble,Single Night,2023,July,1
South Ribble,Long Term,2023,August,1
South Ribble,Single Night,2023,August,1
South Ribble,Long Term,2023,September,0
South Ribble,Single Night,2023,September,2
South Ribble,Long Term,2023,October,0
South Ribble,Single Night,2023,October,2
South Ribble,Long Term,2023,November,1
South Ribble,Single Night,2023,November,2
South Ribble,Long Term,2023,December,0
South Ribble,Single Night,2023,December,3
South Ribble,Long Term,2024,January,1
South Ribble,Single Night,2024,January,1
South Ribble,Long Term,2024,February,0
South Ribble,Single Night,2024,February,1
South Ribble,Long Term,2024,March,2
South Ribble,Single Night,2024,March,1
South Ribble,Long Term,2024,April,2
South Ribble,Single Night,2024,April,1
South Ribble,Long Term,2024,May,0
South Ribble,Single Night,2024,May,1
South Ribble,Long Term,2024,June,0
South Ribble,Single Night,2024,June,1
South Ribble,Long Term,2024,July,1
South Ribble,Single Night,2024,July,1
South Ribble,Long Term,2024,August,1
South Ribble,Single Night,2024,August,0
South Ribble,Long Term,2024,September,0
South Ribble,Single Night,2024,September,0
South Ribble,Long Term,2024,October,0
South Ribble,Single Night,2024,October,1
South Ribble,Long Term,2024,November,0
South Ribble,Single Night,2024,November,1
South Ribble,Long Term,2024,December,0
South Ribble,Single Night,2024,December,1
South Ribble,Long Term,2025,January,0
South Ribble,Single Night,2025,January,1
South Ribble,Long Term,2025,February,0
South Ribble,Single Night,2025,February,2
South Ribble,Long Term,2025,March,0
South Ribble,Single Night,2025,March,1
South Ribble,Long Term,2025,April,0
South Ribble,Single Night,2025,April,0
South Ribble,Long Term,2025,May,0
South Ribble,Single Night,2025,May,0
South Ribble,Long Term,2025,June,0
South Ribble,Single Night,2025,June,1
South Ribble,Long Term,2025,July,0
South Ribble,Single Night,2025,July,1
South Ribble,Long Term,2025,August,0
South Ribble,Single Night,2025,August,2
South Ribble,Long Term,2025,September,0
South Ribble,Single Night,2025,September,1
South Ribble,Long Term,2025,October,0
South Ribble,Single Night,2025,October,2
South Ribble,Long Term,2025,November,1
South Ribble,Single Night,2025,November,1
South Ribble,Long Term,2025,December,1
South Ribble,Single Night,2025,December,1
South Ribble,Long Term,2026,January,1
South Ribble,Single Night,2026,January,1
South Ribble,Long Term,2026,February,1
South Ribble,Single Night,2026,February,1
South Ribble,Long Term,2026,March,0
South Ribble,Single Night,2026,March,1
West Lancashire,Single Night,2020,June,1
West Lancashire,Single Night,2020,July,1
West Lancashire,Single Night,2020,August,1
West Lancashire,Single Night,2020,September,0
West Lancashire,Single Night,2020,October,0
West Lancashire,Single Night,2020,November,1
West Lancashire,Single Night,2020,December,1
West Lancashire,Single Night,2021,January,2
West Lancashire,Single Night,2021,February,3
West Lancashire,Single Night,2021,March,3
West Lancashire,Single Night,2021,April,2
West Lancashire,Single Night,2021,May,2
West Lancashire,Single Night,2021,June,2
West Lancashire,Single Night,2021,July,1
West Lancashire,Single Night,2021,August,2
West Lancashire,Single Night,2021,September,0
West Lancashire,Single Night,2021,October,0
West Lancashire,Single Night,2021,November,3
West Lancashire,Single Night,2021,December,3
West Lancashire,Single Night,2022,January,3
West Lancashire,Single Night,2022,February,3
West Lancashire,Single Night,2022,March,3
West Lancashire,Single Night,2022,April,3
West Lancashire,Single Night,2022,May,3
West Lancashire,Single Night,2022,June,3
West Lancashire,Single Night,2022,July,3
West Lancashire,Single Night,2022,August,3
West Lancashire,Single Night,2022,September,3
West Lancashire,Single Night,2022,October,3
West Lancashire,Single Night,2022,November,3
West Lancashire,Single Night,2022,December,3
West Lancashire,Single Night,2023,January,3
West Lancashire,Single Night,2023,February,3
West Lancashire,Single Night,2023,March,3
West Lancashire,Single Night,2023,April,3
West Lancashire,Single Night,2023,May,3
West Lancashire,Single Night,2023,June,3
West Lancashire,Single Night,2023,July,3
West Lancashire,Single Night,2023,August,3
West Lancashire,Single Night,2023,September,3
West Lancashire,Single Night,2023,October,3
West Lancashire,Single Night,2023,November,3
West Lancashire,Single Night,2023,December,3
West Lancashire,Single Night,2024,January,3
West Lancashire,Single Night,2024,February,3
West Lancashire,Single Night,2024,March,3
West Lancashire,Single Night,2024,April,3
West Lancashire,Single Night,2024,May,3
West Lancashire,Single Night,2024,June,3
West Lancashire,Single Night,2024,July,3
West Lancashire,Single Night,2024,August,3
West Lancashire,Single Night,2024,September,3
West Lancashire,Single Night,2024,October,3
West Lancashire,Single Night,2024,November,3
West Lancashire,Single Night,2024,December,3
West Lancashire,Long Term,2025,January,4
West Lancashire,Single Night,2025,January,4
West Lancashire,Long Term,2025,February,0
West Lancashire,Single Night,2025,February,0
West Lancashire,Long Term,2025,March,0
West Lancashire,Single Night,2025,March,0
West Lancashire,Long Term,2025,April,0
West Lancashire,Single Night,2025,April,0
West Lancashire,Long Term,2025,May,0
West Lancashire,Single Night,2025,May,0
West Lancashire,Long Term,2025,June,0
West Lancashire,Single Night,2025,June,0
West Lancashire,Long Term,2025,July,0
West Lancashire,Single Night,2025,July,2
West Lancashire,Long Term,2025,August,0
West Lancashire,Single Night,2025,August,3
West Lancashire,Long Term,2025,September,0
West Lancashire,Single Night,2025,September,3
West Lancashire,Long Term,2025,October,0
West Lancashire,Single Night,2025,October,4
West Lancashire,Long Term,2025,November,0
West Lancashire,Single Night,2025,November,4
West Lancashire,Long Term,2025,December,0
West Lancashire,Single Night,2025,December,2
West Lancashire,Long Term,2026,January,0
West Lancashire,Single Night,2026,January,0
West Lancashire,Long Term,2026,February,0
West Lancashire,Single Night,2026,February,2
West Lancashire,Long Term,2026,March,0
West Lancashire,Single Night,2026,March,2
Wyre,Single Night,2020,June,0
Wyre,Single Night,2020,July,0
Wyre,Single Night,2020,August,2
Wyre,Single Night,2020,September,2
Wyre,Single Night,2020,October,5
Wyre,Single Night,2020,November,4
Wyre,Single Night,2020,December,6
Wyre,Single Night,2021,January,3
Wyre,Single Night,2021,February,1
Wyre,Single Night,2021,March,1
Wyre,Single Night,2021,April,1
Wyre,Single Night,2021,May,0
Wyre,Single Night,2021,June,1
Wyre,Single Night,2021,July,5
Wyre,Single Night,2021,August,1
Wyre,Single Night,2021,September,2
Wyre,Single Night,2021,October,1
Wyre,Single Night,2021,November,4
Wyre,Single Night,2021,December,3
Wyre,Single Night,2022,January,3
Wyre,Single Night,2022,February,4
Wyre,Single Night,2022,March,5
Wyre,Single Night,2022,April,1
Wyre,Single Night,2022,May,4
Wyre,Single Night,2022,June,1
Wyre,Single Night,2022,July,1
Wyre,Single Night,2022,August,2
Wyre,Single Night,2022,September,7
Wyre,Single Night,2022,October,3
Wyre,Single Night,2022,November,2
Wyre,Single Night,2022,December,2
Wyre,Single Night,2023,January,2
Wyre,Single Night,2023,February,3
Wyre,Single Night,2023,March,3
Wyre,Single Night,2023,April,1
Wyre,Long Term,2023,May,3
Wyre,Single Night,2023,May,5
Wyre,Long Term,2023,June,1
Wyre,Single Night,2023,June,3
Wyre,Long Term,2023,July,1
Wyre,Single Night,2023,July,3
Wyre,Long Term,2023,August,0
Wyre,Single Night,2023,August,2
Wyre,Long Term,2023,September,0
Wyre,Single Night,2023,September,3
Wyre,Long Term,2023,October,0
Wyre,Single Night,2023,October,0
Wyre,Long Term,2023,November,0
Wyre,Single Night,2023,November,0
Wyre,Long Term,2023,December,0
Wyre,Single Night,2023,December,1
Wyre,Long Term,2024,January,0
Wyre,Single Night,2024,January,2
Wyre,Long Term,2024,February,0
Wyre,Single Night,2024,February,2
Wyre,Long Term,2024,March,0
Wyre,Single Night,2024,March,2
Wyre,Long Term,2024,April,0
Wyre,Single Night,2024,April,1
Wyre,Long Term,2024,May,0
Wyre,Single Night,2024,May,3
Wyre,Long Term,2024,June,0
Wyre,Single Night,2024,June,1
Wyre,Long Term,2024,July,0
Wyre,Single Night,2024,July,2
Wyre,Long Term,2024,August,2
Wyre,Single Night,2024,August,6
Wyre,Long Term,2024,September,2
Wyre,Single Night,2024,September,5
Wyre,Long Term,2024,October,4
Wyre,Single Night,2024,October,4
Wyre,Long Term,2024,November,2
Wyre,Single Night,2024,November,3
Wyre,Long Term,2024,December,2
Wyre,Single Night,2024,December,3
Wyre,Long Term,2025,January,0
Wyre,Single Night,2025,January,0
Wyre,Long Term,2025,February,0
Wyre,Single Night,2025,February,1
Wyre,Long Term,2025,March,1
Wyre,Single Night,2025,March,2
Wyre,Long Term,2025,April,1
Wyre,Single Night,2025,April,2
Wyre,Long Term,2025,May,0
Wyre,Single Night,2025,May,2
Wyre,Long Term,2025,June,0
Wyre,Single Night,2025,June,2
Wyre,Long Term,2025,July,2
Wyre,Single Night,2025,July,1
Wyre,Long Term,2025,August,1
Wyre,Single Night,2025,August,2
Wyre,Long Term,2025,September,1
Wyre,Single Night,2025,September,4
Wyre,Long Term,2025,October,1
Wyre,Single Night,2025,October,4
Wyre,Long Term,2025,November,2
Wyre,Single Night,2025,November,5
Wyre,Long Term,2025,December,2
Wyre,Single Night,2025,December,4
Wyre,Long Term,2026,January,3
Wyre,Single Night,2026,January,2
Wyre,Long Term,2026,February,3
Wyre,Single Night,2026,February,4
Wyre,Long Term,2026,March,1
Wyre,Single Night,2026,March,3
